ms,source,est_lat,est_lon,gt_lat,gt_lon,pos_err_m
0,anchor,43.52129749884473,-5.625820158456264,43.521958,-5.624292,143.19049049095585
200,vo,43.52129780998395,-5.625819535775224,43.521958,-5.624292,143.129757272104
400,vo,43.521299347531816,-5.625816458689984,43.521958,-5.624291,142.8987847871872
600,vo,43.52129922891095,-5.625816696085207,43.521958,-5.624291,142.92193847200912
800,vo,43.521298083623456,-5.6258189881421385,43.521958,-5.624291,143.1454887381744
1001,vo,43.52129981145778,-5.625815530237759,43.521958,-5.624291,142.8082309328458
1201,vo,43.521302625681585,-5.625809898148671,43.521958,-5.624291,142.25892715558652
1401,vo,43.52130333699944,-5.625808474592542,43.521958,-5.624291,142.1200876672179
1601,vo,43.521308734912786,-5.6257976717811955,43.521958,-5.624291,141.06650885584054
1801,vo,43.52131647195892,-5.625782187677556,43.521957,-5.624291,139.49983017532753
2002,vo,43.521324002309946,-5.62576711723157,43.521957,-5.624292,137.96096642105726
2202,vo,43.52133128250665,-5.625752547417925,43.521957,-5.624291,136.60953900734793
2402,vo,43.52133792177235,-5.62573926029562,43.521957,-5.624291,135.31397713114768
2602,vo,43.52134614244704,-5.625722808309081,43.521957,-5.624291,133.70991133419602
2802,vo,43.521353672092246,-5.625707739275648,43.521957,-5.624292,132.1713730549154
3003,vo,43.52136030332289,-5.625694468233837,43.521957,-5.624292,130.87756691201233
3203,vo,43.52136497961783,-5.6256851095930624,43.521957,-5.624292,129.96522509376936
3403,vo,43.52136837701138,-5.625678310409899,43.521957,-5.624291,129.371879767707
3603,vo,43.521371871003815,-5.6256713179039535,43.521957,-5.624292,128.62078368232181
3803,vo,43.52137197096446,-5.625671117853321,43.521957,-5.624292,128.60128290991136
4004,vo,43.52137296541113,-5.625669127673207,43.521957,-5.624292,128.40728266355637
4204,vo,43.52137345223827,-5.6256681533889985,43.521957,-5.624292,128.3123112574307
4404,vo,43.5213740704285,-5.625666916208636,43.521958,-5.624292,128.24777560894586
4604,vo,43.5213764633248,-5.625662127319731,43.521958,-5.624292,127.780945848614
4804,vo,43.52137746808649,-5.625660116496235,43.521958,-5.624292,127.58492982291024
5005,vo,43.52138011377649,-5.625654821692847,43.521958,-5.624292,127.06879780266901
5205,vo,43.521384277953494,-5.625646487950576,43.521958,-5.624293,126.18696461321952
5405,vo,43.52138918115925,-5.625636675194541,43.521959,-5.624292,125.35595272864742
5605,vo,43.52139452226262,-5.6256259860766615,43.521959,-5.624292,124.31404654303569
5805,vo,43.52139997096519,-5.625615081621145,43.521959,-5.624292,123.25120162192533
6006,vo,43.52140575349415,-5.625603509080902,43.521959,-5.624292,122.12329705500225
6206,vo,43.5214120119108,-5.625590984149513,43.521959,-5.624291,120.9722466031135
6406,vo,43.52141833660317,-5.625578326580903,43.521959,-5.624291,119.73876798597402
6606,vo,43.521425060612096,-5.6255648698624965,43.521959,-5.62429,118.49718819484764
6806,vo,43.52143146432795,-5.625552054144675,43.521959,-5.62429,117.24849911248579
7007,vo,43.52143719744119,-5.625540580499819,43.521959,-5.62429,116.13064707092461
7207,vo,43.5214425587758,-5.625529850893267,43.521959,-5.62429,115.08534952147927
7407,vo,43.52144738991271,-5.62552018236818,43.521959,-5.624291,114.07366743112533
7607,vo,43.521452080411756,-5.625510795300793,43.521959,-5.624291,113.15923995932899
7807,vo,43.52145643641559,-5.625502077656664,43.521959,-5.62429,112.3799328421099
8008,vo,43.52146093892942,-5.6254930668029575,43.521958,-5.624291,111.37735739755361
8208,vo,43.521465283407764,-5.625484372224716,43.521958,-5.62429,110.60053918816924
8408,vo,43.521469556801804,-5.62547581990706,43.521958,-5.624291,109.69772108879866
8608,vo,43.521474089357405,-5.625466748930935,43.521958,-5.62429,108.88440082558488
8808,vo,43.521480945085436,-5.625453028603885,43.521958,-5.62429,107.54847293521122
9009,vo,43.5214756563612,-5.625463612895719,43.521958,-5.624291,108.50902390512367
9209,vo,43.521479806474055,-5.625455307299949,43.521958,-5.624291,107.7002965792136
9409,vo,43.5214841322062,-5.625446650238368,43.521958,-5.62429,106.927465211753
9609,vo,43.5214878009957,-5.625439307912116,43.521958,-5.62429,106.21264041037905
9809,vo,43.52149114390845,-5.625432617761052,43.521958,-5.62429,105.56134310175945
10010,vo,43.52149393783969,-5.625427026283342,43.521958,-5.62429,105.0170286836257
10210,vo,43.521496468024374,-5.625421962640032,43.521958,-5.62429,104.52411757140858
10410,vo,43.52149847648909,-5.625417943111742,43.521958,-5.62429,104.13285773860414
10610,vo,43.521500091571184,-5.625414710857711,43.521958,-5.624291,103.74806609941905
10810,vo,43.52150148949466,-5.625411913201919,43.521958,-5.624291,103.47574777294751
11011,vo,43.521502606359306,-5.625409678027445,43.521958,-5.624291,103.25818462047512
11211,vo,43.52150349320737,-5.6254079031837785,43.521958,-5.624292,103.01524899564953
11411,vo,43.521504243389934,-5.6254064018479495,43.521958,-5.624292,102.86911394321122
11611,vo,43.52150484102046,-5.625405205813604,43.521958,-5.624292,102.75269718133434
11811,vo,43.521505033274714,-5.625404821056313,43.521958,-5.624292,102.71524682429985
12012,vo,43.52150500506859,-5.625404877505065,43.521958,-5.624292,102.72074125703853
12212,vo,43.52150536501976,-5.625404157136962,43.521958,-5.624292,102.65062449534481
12412,vo,43.52150592448334,-5.625403037485886,43.521959,-5.624292,102.59600846957913
12612,vo,43.52150924784216,-5.625396386467973,43.521959,-5.624291,102.01878742509268
12812,vo,43.521517677755554,-5.625379515733264,43.521959,-5.624291,100.37681821658514
13013,vo,43.5215233934377,-5.625368076973144,43.521959,-5.624291,99.26365776281341
13213,vo,43.52153319550181,-5.625348460161499,43.521959,-5.624291,97.35491576610292
13413,vo,43.521541662849735,-5.6253315145092895,43.521959,-5.62429,95.77680106445571
13613,vo,43.5215487393831,-5.6253173522858555,43.52196,-5.624288,94.59385264913341
13813,vo,43.52156009840299,-5.62529461954802,43.521961,-5.624285,92.64820852221209
14014,vo,43.521563616667535,-5.625287578466462,43.521962,-5.62428,92.3700060245517
14214,vo,43.52156195989321,-5.625290894158908,43.521965,-5.624275,93.20518132259316
14414,vo,43.521557791751015,-5.625299235836686,43.521968,-5.624268,94.67041309748633
14614,vo,43.521552037477846,-5.625310751828781,43.521971,-5.62426,96.51499583369569
14814,vo,43.52154524531037,-5.625324344952481,43.521974,-5.62425,98.70269444381452
15015,vo,43.52153847203031,-5.62533790027692,43.521978,-5.624239,101.01080085372615
15215,vo,43.521532219925206,-5.625350412577068,43.521982,-5.624226,103.35845342565653
15415,vo,43.521526328604445,-5.625362202841679,43.521986,-5.624211,105.77685644552442
15615,vo,43.521523271147046,-5.625368321712694,43.521991,-5.624196,107.69724596960909
15815,vo,43.52152203908415,-5.6253707874327175,43.521996,-5.624181,109.26237721873376
16016,vo,43.52151931871528,-5.6253762316904945,43.522,-5.624166,111.06383163688008
16216,vo,43.52151839967756,-5.625378070955119,43.522004,-5.624152,112.44432298252158
16416,vo,43.521519102303806,-5.625376664793456,43.522008,-5.624137,113.58017685470966
16616,vo,43.52152106683635,-5.625372733186355,43.522013,-5.624123,114.45308576136769
16816,vo,43.521524258758,-5.625366345212863,43.522017,-5.62411,114.96371808229081
17017,vo,43.521528865783196,-5.625357125201182,43.522021,-5.624096,115.27030929310035
17217,vo,43.52153451318992,-5.625345823080263,43.522025,-5.624081,115.4461275548694
17417,vo,43.52154153689859,-5.625331766574564,43.522029,-5.624067,115.28420269034137
17617,vo,43.52154969290235,-5.625315444013557,43.522033,-5.624053,114.9030560265914
17817,vo,43.52155878686312,-5.6252972443248455,43.522037,-5.624039,114.34065148479932
18018,vo,43.52156860401584,-5.625277597316461,43.522041,-5.624026,113.56749079677306
18218,vo,43.52157911339338,-5.625256564962729,43.522045,-5.624012,112.73244482989331
18418,vo,43.52159040726107,-5.625233962613608,43.52205,-5.623998,111.79714116130454
18618,vo,43.52160178959425,-5.625211183219028,43.522054,-5.623985,110.72344104262568
18818,vo,43.5216125184399,-5.625189711645093,43.522057,-5.623974,109.58393990533759
19019,vo,43.52162245876114,-5.625169818140295,43.522061,-5.623963,108.6482334810108
19219,vo,43.521631389406984,-5.625151945292777,43.522063,-5.623953,107.73780927901505
19419,vo,43.52163965684026,-5.625135399728545,43.522067,-5.623944,106.98330569820271
19619,vo,43.521647680826945,-5.625119341372501,43.522069,-5.623936,106.10593000431732
19819,vo,43.521654777474815,-5.625105138894028,43.522071,-5.623929,105.33652203555779
20020,vo,43.52166071951684,-5.625093247121254,43.522073,-5.623923,104.71860033952133
20220,vo,43.521665934465304,-5.625082810476423,43.522075,-5.623918,104.16914309341544
20420,vo,43.52167059998346,-5.625073473403151,43.522076,-5.623913,103.67784034890164
20620,vo,43.521674650583854,-5.625065366961059,43.522077,-5.623909,103.23323444906745
20820,vo,43.52167820264019,-5.625058258252204,43.522078,-5.623905,102.88520210627877
21021,vo,43.52168150708034,-5.6250516450961054,43.522079,-5.623902,102.51255433024131
21221,vo,43.52168380700543,-5.62504704226993,43.522079,-5.6239,102.21367531272685
21421,vo,43.52168533171756,-5.625043990872748,43.52208,-5.623899,102.03954708174739
21621,vo,43.521686084165395,-5.625042485003461,43.52208,-5.623899,101.89422724700047
21821,vo,43.52168650322877,-5.625041646334452,43.52208,-5.623898,101.88600622609546
22022,vo,43.52168713249645,-5.625040386984842,43.522081,-5.623898,101.81210334786732
22222,vo,43.52168792413765,-5.625038802678111,43.522081,-5.623897,101.73191477518756
22422,vo,43.52168799281388,-5.625038665236776,43.522081,-5.623898,101.64594861551232
22622,vo,43.52168815020913,-5.625038350242616,43.522081,-5.623898,101.61555133577089
22822,vo,43.52168858433607,-5.6250374814270065,43.522081,-5.623897,101.60442074701025
23023,vo,43.52168969426617,-5.625035260130597,43.522081,-5.623897,101.39008634959579
23223,vo,43.5216914511179,-5.625031744153846,43.522082,-5.623895,101.24384491072706
23423,vo,43.52169436599673,-5.625025910624478,43.522083,-5.623892,100.9467783875318
23623,vo,43.52169845649107,-5.625017724342877,43.522084,-5.623888,100.49569206459006
23823,vo,43.52170395249953,-5.625006725214388,43.522085,-5.623883,99.84659034158601
24024,vo,43.52171103866663,-5.624992543711005,43.522087,-5.623876,99.08419536764586
24224,vo,43.521719334928456,-5.624975940452381,43.52209,-5.623869,98.13576955014176
24424,vo,43.521727897079245,-5.624958805071772,43.522092,-5.62386,97.23668559790931
24624,vo,43.5217363151766,-5.62494195798444,43.522094,-5.623852,96.29356661311454
24824,vo,43.521744345580565,-5.624925886785532,43.522096,-5.623845,95.3529072636967
25025,vo,43.52175204549552,-5.624910476992295,43.522098,-5.623837,94.55036081903327
25225,vo,43.521759608889354,-5.62489534041794,43.5221,-5.62383,93.7015810736465
25425,vo,43.52176725478262,-5.624880038737978,43.522102,-5.623823,92.83792531883918
25625,vo,43.521775069597055,-5.624864398997098,43.522104,-5.623816,91.94286587625803
25825,vo,43.52178308778599,-5.624848352244047,43.522106,-5.623809,91.0098915078203
26026,vo,43.52179121130461,-5.624832094695361,43.522108,-5.623802,90.05790935088866
26226,vo,43.52179925343473,-5.624816000028967,43.522111,-5.623795,89.1657742533038
26426,vo,43.521807393414406,-5.624799709536865,43.522113,-5.623788,88.212767249869
26626,vo,43.52181547283807,-5.6247835402351285,43.522115,-5.623781,87.27266245601345
26826,vo,43.52182350752378,-5.624767460467201,43.522117,-5.623774,86.34245148405061
27027,vo,43.52183143078186,-5.624751603698708,43.522119,-5.623767,85.43488578761531
27227,vo,43.52183933784758,-5.624735779335882,43.522121,-5.62376,84.5317896466767
27427,vo,43.52184765526606,-5.6247191337365745,43.522123,-5.623753,83.55193235546778
27627,vo,43.52185622709637,-5.624701978984395,43.522125,-5.623746,82.52528345644664
27827,vo,43.521864745737744,-5.624684930678918,43.522127,-5.623739,81.51053890773753
28028,vo,43.52187323037691,-5.624667950421859,43.522129,-5.623732,80.5040883818943
28228,vo,43.52188157719458,-5.624651245986128,43.52213,-5.623725,79.48709290728156
28428,vo,43.52188999495248,-5.624634399578135,43.522132,-5.623718,78.49765420287765
28628,vo,43.52189847426024,-5.624617429990783,43.522134,-5.623711,77.49859742550791
28828,vo,43.52190705795467,-5.624600251495008,43.522136,-5.623705,76.40605300145307
29029,vo,43.52191568567901,-5.624582984882453,43.522138,-5.623698,75.38324462813775
29229,vo,43.52192445794262,-5.624565429004345,43.52214,-5.623691,74.33562133903818
29429,vo,43.521933516402115,-5.624547300364112,43.522142,-5.623684,73.23680484322693
29629,vo,43.52194271701592,-5.624528887231333,43.522144,-5.623677,72.11422185323681
29829,vo,43.52195196106223,-5.624510387177348,43.522146,-5.623671,70.90995519872949
30030,anchor,43.521961079942834,-5.624492137616727,43.522148,-5.623664,69.80890767672028
30230,vo,43.521959208467585,-5.6244907503713675,43.52215,-5.623657,70.3685091582416
30430,vo,43.52195732845685,-5.624489356799018,43.522153,-5.62365,70.96287390549472
30630,vo,43.52195545318611,-5.624487966740225,43.522154,-5.623643,71.49060647934449
30830,vo,43.52195359680062,-5.62448659068027,43.522157,-5.623636,72.0883561796717
31031,vo,43.521951742908925,-5.624485216468855,43.522158,-5.623629,72.61776567423176
31231,vo,43.52194987004527,-5.624483828194327,43.52216,-5.623623,73.1061288953192
31431,vo,43.521947968532004,-5.624482418683065,43.522163,-5.623615,73.78324947744788
31631,vo,43.521946007922665,-5.624480965366377,43.522165,-5.623608,74.34839147299503
31831,vo,43.5219442632716,-5.6244796721304215,43.522167,-5.623602,74.84278422312039
32032,vo,43.52194225580695,-5.624478184081878,43.522169,-5.623595,75.40895804659215
32232,vo,43.52194034805298,-5.624476769944643,43.522171,-5.623588,75.97797801380011
32432,vo,43.52193844192948,-5.624475357016004,43.522173,-5.62358,76.62358974365462
32632,vo,43.52193650888621,-5.624473924132881,43.522174,-5.623573,77.1557871459875
32832,vo,43.521934579887855,-5.624472494248077,43.522176,-5.623567,77.65101093971151
33033,vo,43.5219326554059,-5.624471067711096,43.522178,-5.62356,78.22278612712299
33233,vo,43.52193071962221,-5.6244696327966155,43.52218,-5.623553,78.795183563729
33400,vo,43.52192906978803,-5.624468409844394,43.522182,-5.623546,79.37310771725849
33600,vo,43.52192709961535,-5.624466949438813,43.522184,-5.623539,79.94642955689962
33800,vo,43.52192512145556,-5.624465483112722,43.522186,-5.623532,80.52042414605114
34000,vo,43.52192313497912,-5.624464010621851,43.522188,-5.623525,81.09507876918653
34200,vo,43.521921122452866,-5.624462518821357,43.52219,-5.623519,81.59520605395643
34401,vo,43.52191911089018,-5.6244610277351175,43.522192,-5.623511,82.24595814152248
34601,vo,43.52191708627575,-5.624459526974167,43.522194,-5.623504,82.82237408224525
34801,vo,43.52191505882244,-5.624458024108877,43.522196,-5.623498,83.32486562471303
35001,vo,43.52191303008802,-5.624456520293958,43.522198,-5.623491,83.90281734900024
35201,vo,43.52191100226814,-5.624455017156945,43.5222,-5.623484,84.48151060928606
35402,vo,43.52190900177063,-5.6244535342728526,43.522202,-5.623477,85.06126452196007
35602,vo,43.521906996038226,-5.624452047508347,43.522204,-5.62347,85.64163403745923
35802,vo,43.521905021057414,-5.6244505835387,43.522206,-5.623463,86.22304232584558
36002,vo,43.52190304238329,-5.624449116831357,43.522208,-5.623456,86.80504322189839
36202,vo,43.52190102614017,-5.624447622275706,43.52221,-5.62345,87.3132208022458
36403,vo,43.52189896255155,-5.6244460926248445,43.522212,-5.623443,87.8956279120319
36603,vo,43.52189715674712,-5.624444754058484,43.522214,-5.623437,88.40757512105569
36803,vo,43.521895546422215,-5.624443560392816,43.522216,-5.623432,88.84840957128473
37003,vo,43.52189416815019,-5.624442538738126,43.522217,-5.623427,89.24759187429817
37203,vo,43.52189293461647,-5.624441624371808,43.522218,-5.623423,89.57468063049046
37404,vo,43.52189175312604,-5.6244407485829875,43.522219,-5.623418,89.97608554047414
37604,vo,43.52189052935831,-5.624439841455785,43.52222,-5.623414,90.30357068840738
37804,vo,43.521889265028484,-5.624438904261622,43.522221,-5.623411,90.5573079257409
38004,vo,43.521888392030846,-5.624438257145435,43.522222,-5.623407,90.88842601925329
38204,vo,43.5218872458366,-5.62443740752018,43.522223,-5.623404,91.14366434605888
38405,vo,43.52188653699239,-5.624436882083981,43.522224,-5.623402,91.32961671107039
38605,vo,43.52188616108845,-5.624436603442306,43.522224,-5.623401,91.39968307305747
38805,vo,43.52188600314433,-5.6244364863650205,43.522224,-5.6234,91.47168410766044
39005,vo,43.521886027096116,-5.624436504119463,43.522224,-5.6234,91.47189696727587
39205,vo,43.5218859567087,-5.624436451944251,43.522224,-5.6234,91.47127171592963
39406,vo,43.52188635757001,-5.624436749085768,43.522224,-5.623399,91.548271322545
39606,vo,43.521886258685726,-5.624436675787034,43.522224,-5.623399,91.54738305413109
39806,vo,43.52188562286983,-5.624436204483635,43.522224,-5.623399,91.54171189176685
40006,vo,43.521884874563796,-5.624435649796058,43.522223,-5.623398,91.56294482652075
40206,vo,43.52188415781058,-5.624435118497251,43.522222,-5.623397,91.58447866102678
40407,vo,43.52188583233411,-5.6244363597506295,43.52222,-5.623395,91.65673020723767
40607,vo,43.52188592130668,-5.624436425702235,43.522218,-5.623393,91.71537738818246
40807,vo,43.5218849931618,-5.624435737707732,43.522216,-5.62339,91.8381426794939
41007,vo,43.521883432274215,-5.624434580687863,43.522212,-5.623386,91.94017194754433
41207,vo,43.52188121308758,-5.624432935698779,43.522208,-5.62338,92.18408529016541
41408,vo,43.52187921244844,-5.624431452709697,43.522203,-5.623374,92.38841165018313
41608,vo,43.521877101493615,-5.624429887948272,43.522198,-5.623368,92.59354616834018
41808,vo,43.52187493102761,-5.624428279073728,43.522194,-5.623363,92.76782783403668
42008,vo,43.521872787527506,-5.624426690187864,43.52219,-5.623358,92.94338292498298
42208,vo,43.52187075064203,-5.624425180330906,43.522186,-5.623353,93.12131927547682
42409,vo,43.52186871368301,-5.624423670419444,43.522182,-5.623347,93.37496226338949
42609,vo,43.5218666273363,-5.6244221238989685,43.522177,-5.623342,93.513358295737
42809,vo,43.52186453420726,-5.62442057235104,43.522174,-5.623337,93.73451469809551
43009,vo,43.5218624584018,-5.62441903364435,43.52217,-5.623332,93.91593736923969
43209,vo,43.52186039208435,-5.624417501970716,43.522166,-5.623327,94.09846825527028
43410,vo,43.52185828907791,-5.624415943101096,43.522161,-5.623322,94.24174130643328
43610,vo,43.52185618475085,-5.624414383252549,43.522158,-5.623317,94.46518314886708
43810,vo,43.52185408874141,-5.6244128295695015,43.522154,-5.623312,94.65005413560888
44010,vo,43.52185201631944,-5.624411293370855,43.52215,-5.623307,94.83625280611251
44210,vo,43.52184992022032,-5.624409739621328,43.522146,-5.623302,95.02296991143642
44411,vo,43.52184783803693,-5.624408196186954,43.522142,-5.623297,95.21084823733337
44611,vo,43.52184576732262,-5.624406661254112,43.522138,-5.623292,95.39985359356314
44811,vo,43.5218436589657,-5.624405098418404,43.522134,-5.623287,95.5890730547578
45011,vo,43.521841561103,-5.624403543361619,43.52213,-5.623282,95.77937884042842
45211,vo,43.521839486086066,-5.624402005239424,43.522126,-5.623276,96.04696150230328
45412,vo,43.521837401817514,-5.624400460259404,43.522122,-5.623271,96.23939829669017
45612,vo,43.521835321095395,-5.6243989179082,43.522118,-5.623266,96.4327939566992
45812,vo,43.521833257863314,-5.6243973885216265,43.522114,-5.623261,96.6274354459417
46012,vo,43.52183121004607,-5.624395870561409,43.52211,-5.623256,96.82329351842593
46212,vo,43.52182918995412,-5.6243943731527875,43.522106,-5.623251,97.02064413789165
46413,vo,43.521827214055556,-5.624392908502851,43.522102,-5.623246,97.21987286747229
46613,vo,43.52182514246512,-5.62439137292058,43.522098,-5.623241,97.41791890999708
46813,vo,43.52182306257896,-5.62438983118904,43.522094,-5.623236,97.61664193049738
47013,vo,43.521820977437095,-5.624388285561668,43.52209,-5.623231,97.81609725707679
47213,vo,43.5218188921516,-5.624386739827828,43.522086,-5.623226,98.01639301566327
47414,vo,43.52181678599517,-5.624385178623249,43.522082,-5.623221,98.21703368670157
47614,vo,43.521814712677,-5.62438364176028,43.522078,-5.623216,98.41928114466434
47814,vo,43.52181265067083,-5.6243821132824205,43.522074,-5.623211,98.62264116295076
48014,vo,43.52181059318715,-5.624380588156887,43.52207,-5.623206,98.82695287376335
48214,vo,43.521808557194866,-5.624379078962019,43.522066,-5.623201,99.0326417577547
48415,vo,43.52180651810151,-5.624377567468459,43.522062,-5.623196,99.2390998256871
48615,vo,43.52180448676791,-5.624376061726877,43.522058,-5.623191,99.44659881437583
48815,vo,43.52180242082633,-5.624374530331862,43.522054,-5.623186,99.65403304714508
49015,vo,43.52180053818641,-5.624373134810608,43.52205,-5.623182,99.78981283692806
49215,vo,43.521798852236316,-5.62437188508719,43.522047,-5.623178,99.9622156380264
49416,vo,43.5217973957279,-5.6243708054391774,43.522044,-5.623174,100.14122549631234
49616,vo,43.521796126668555,-5.624369864739217,43.522041,-5.623171,100.24841022106665
49816,vo,43.52179497728532,-5.624369012750092,43.522039,-5.623168,100.38931870999221
50016,vo,43.52179385916193,-5.624368183932576,43.522037,-5.623165,100.5312806837668
50216,vo,43.52179263110157,-5.624367273623428,43.522034,-5.623162,100.64077571150519
50417,vo,43.521791399046265,-5.624366360353,43.522032,-5.623159,100.78006027278121
50617,vo,43.52179041302937,-5.624365629460428,43.52203,-5.623157,100.84882319411369
50817,vo,43.52178969737493,-5.624365098976092,43.522029,-5.623155,100.95461107900204
51017,vo,43.521789256926816,-5.6243647724905586,43.522028,-5.623154,100.99059698822425
51217,vo,43.52178899391031,-5.6243645775275635,43.522028,-5.623154,100.98312089678011
51418,vo,43.521788860749886,-5.624364478821376,43.522027,-5.623153,101.02790074251268
51618,vo,43.52178884070774,-5.624364463964984,43.522027,-5.623152,101.10501377087071
51818,vo,43.5217887219664,-5.6243643759470565,43.522028,-5.623152,101.13071670215872
52018,vo,43.52178730988099,-5.624363329227932,43.522028,-5.623151,101.16836779946674
52218,vo,43.52178605064288,-5.624362395808044,43.522028,-5.623151,101.13293670857026
52419,vo,43.52178510199241,-5.624361692613614,43.522027,-5.623151,101.07685909143407
52619,vo,43.52178441555382,-5.624361183785755,43.522026,-5.623151,101.02813463412585
52819,vo,43.521783712737545,-5.62436066281781,43.522024,-5.623151,100.9495727945825
53019,vo,43.52178295780548,-5.624360103218636,43.522022,-5.62315,100.94734924801328
53219,vo,43.52178184083037,-5.624359275252285,43.522019,-5.623149,100.90598329569343
53420,vo,43.52178034804513,-5.624358168713794,43.522015,-5.623148,100.82545951829364
53620,vo,43.52177837356087,-5.624356705112221,43.52201,-5.623145,100.85880390598736
53820,vo,43.52177607394606,-5.624355000505138,43.522005,-5.623143,100.80582664399303
54020,vo,43.52177380265693,-5.624353316894682,43.521999,-5.623141,100.72696982870487
54220,vo,43.521771515742714,-5.624351621702008,43.521993,-5.623138,100.72733043563582
54421,vo,43.52176926672869,-5.624349954603145,43.521987,-5.623136,100.65253831100823
54621,vo,43.52176713072991,-5.624348371277694,43.521982,-5.623133,100.68746085413282
54821,vo,43.521765058285325,-5.624346835062279,43.521977,-5.623131,100.64728332662216
55021,vo,43.52176301614694,-5.6243453213115675,43.521972,-5.623129,100.60913693028029
55221,vo,43.52176097197641,-5.62434380605451,43.521966,-5.623127,100.5468157097565
55422,vo,43.52175894360369,-5.624342302507702,43.521961,-5.623124,100.5900875523062
55622,vo,43.52175687493096,-5.6243407690882,43.521956,-5.623122,100.55468254157007
55822,vo,43.52175483838771,-5.62433925948492,43.521951,-5.62312,100.52143113664783
56022,vo,43.521752797793944,-5.624337746879169,43.521946,-5.623118,100.48912087870184
56222,vo,43.521750739854944,-5.624336221416133,43.52194,-5.623115,100.5127159674119
56423,vo,43.52174873613022,-5.6243347361398355,43.521935,-5.623113,100.48427946259062
56623,vo,43.52174674357794,-5.624333259145206,43.52193,-5.623111,100.45735475711554
56823,vo,43.52174476546211,-5.624331792851701,43.521925,-5.623109,100.43207493315809
57023,vo,43.52174279472976,-5.624330332031259,43.52192,-5.623106,100.48712817133905
57223,vo,43.521740811790124,-5.624328862162067,43.521915,-5.623104,100.46399046904271
57424,vo,43.521738833181644,-5.624327395503383,43.52191,-5.623102,100.44214498485188
57624,vo,43.52173684023956,-5.624325918219806,43.521904,-5.6231,100.40031733131276
57824,vo,43.52173486402002,-5.62432445333194,43.5219,-5.623097,100.48053276342846
58024,vo,43.52173288776153,-5.624322988415202,43.521894,-5.623095,100.44240468185976
58224,vo,43.5217308993219,-5.6243215144691066,43.521889,-5.623093,100.42512253181779
58425,vo,43.52172893321269,-5.624320057075599,43.521884,-5.62309,100.4891527229512
58625,vo,43.521726982879514,-5.624318611376198,43.521879,-5.623088,100.47571220415423
58825,vo,43.52172501568841,-5.6243171531807326,43.521874,-5.623087,100.38335775155767
59025,vo,43.52172303708693,-5.6243156865272335,43.521869,-5.623084,100.45045827833079
59225,vo,43.52172106488193,-5.624314224615183,43.521863,-5.623082,100.42209912635273
59426,vo,43.52171910099974,-5.62431276887247,43.521858,-5.62308,100.41307335302876
59626,vo,43.521717144758824,-5.624311318793915,43.521853,-5.623078,100.40552039860738
59826,vo,43.52171519713723,-5.624309875104497,43.521848,-5.623075,100.47910737022085
60026,vo,43.521713238449365,-5.624308423212118,43.521843,-5.623073,100.47380398490397
60226,vo,43.521711287768156,-5.624306977254736,43.521838,-5.623071,100.47000259233008
60427,vo,43.52170934266252,-5.624305535430292,43.521832,-5.623069,100.45250307424735
60627,vo,43.52170739440942,-5.624304091272764,43.521827,-5.623067,100.45150576166435
60827,vo,43.52170547823069,-5.624302670890615,43.521822,-5.623064,100.53292794943643
61027,vo,43.5217035541624,-5.624301244660262,43.521817,-5.623062,100.53539800231721
61227,vo,43.521701643137476,-5.6242998280984,43.521812,-5.62306,100.53964469629217
61428,vo,43.5216997366233,-5.624298414880172,43.521807,-5.623058,100.54529036869987
61628,vo,43.52169800736968,-5.624297133057688,43.521802,-5.623056,100.56037562415911
61828,vo,43.521696482129045,-5.624296002461389,43.521799,-5.623054,100.61124815334837
62028,vo,43.52169515911385,-5.624295021766246,43.521795,-5.623053,100.57962423118535
62228,vo,43.52169395230364,-5.624294127208943,43.521792,-5.623052,100.56632912930202
62429,vo,43.521692798447475,-5.624293271904223,43.521788,-5.62305,100.62426092165917
62629,vo,43.52169165946422,-5.62429242762416,43.521785,-5.623049,100.61524859076034
62829,vo,43.52169054998723,-5.624291605215849,43.521783,-5.623048,100.6193404805529
63029,vo,43.52168952528036,-5.624290845644035,43.52178,-5.623047,100.61647509442135
63229,vo,43.52168868171905,-5.624290220347758,43.521778,-5.623046,100.63375939214832
63430,vo,43.52168807077943,-5.62428976748409,43.521776,-5.623046,100.58241155783467
63630,vo,43.5216876281762,-5.624289439401054,43.521775,-5.623045,100.63025737057818
63830,vo,43.52168736231665,-5.624289242330622,43.521774,-5.623045,100.60664904018176
64030,vo,43.52168726518448,-5.6242891703306634,43.521774,-5.623044,100.68203009944169
64230,vo,43.521687285099226,-5.624289185092617,43.521774,-5.623044,100.68300145516297
64431,vo,43.52168451073862,-5.624287128576583,43.521774,-5.623044,100.54819309056754
64631,vo,43.52168461815998,-5.624287208203482,43.521774,-5.623044,100.553393519323
64831,vo,43.52168231545693,-5.624285501307216,43.521774,-5.623044,100.44225685289913
65031,vo,43.52168129240603,-5.624284742962906,43.521773,-5.623044,100.38179499439207
65231,vo,43.52168044619406,-5.624284115701806,43.521772,-5.623045,100.24976660599143
65432,vo,43.52167962461968,-5.624283506703502,43.52177,-5.623046,100.10774118672326
65632,vo,43.52167860527345,-5.624282751105309,43.521768,-5.623047,99.9562883484515
65832,vo,43.521677280444116,-5.624281769065422,43.521764,-5.623048,99.76846725997888
66032,vo,43.521675600355024,-5.624280523686515,43.52176,-5.623051,99.40377366107138
66232,vo,43.52167357104555,-5.624279019445328,43.521754,-5.623053,99.08231014330492
66433,vo,43.52167139368415,-5.624277405459524,43.521748,-5.623056,98.67499747615811
66633,vo,43.52166924182665,-5.624275810378675,43.521742,-5.623059,98.27051574469627
66800,vo,43.52166752708047,-5.6242745393099405,43.521737,-5.623061,97.97876117771447
67000,vo,43.5216655692365,-5.624273088043106,43.521732,-5.623064,97.5955190690353
67200,vo,43.52166369375314,-5.624271697826707,43.521726,-5.623066,97.2898242542584
67400,vo,43.52166188071919,-5.624270353901417,43.521721,-5.623069,96.91649271547801
67600,vo,43.521660076030685,-5.624269016162237,43.521716,-5.623071,96.62503829372235
67801,vo,43.521658279089856,-5.624267684166094,43.521711,-5.623074,96.25482733486015
68001,vo,43.521656520692304,-5.624266380740444,43.521706,-5.623076,95.96817932747732
68201,vo,43.52165481607961,-5.624265117183235,43.521701,-5.623078,95.68564870341389
68401,vo,43.52165314101474,-5.624263875528574,43.521695,-5.623081,95.32014312505264
68601,vo,43.52165145370272,-5.624262624795616,43.52169,-5.623083,95.04155564069829
68802,vo,43.521649779531685,-5.62426138380352,43.521685,-5.623085,94.76502144767883
69002,vo,43.52164809567975,-5.624260135635382,43.52168,-5.623088,94.4088724003095
69202,vo,43.52164643707029,-5.6242589061784205,43.521675,-5.62309,94.13591086673023
69402,vo,43.52164478624246,-5.624257682489655,43.52167,-5.623093,93.7843272976636
69602,vo,43.521643142788186,-5.624256464266592,43.521664,-5.623095,93.51220338061334
69803,vo,43.521641547399746,-5.624255281672691,43.52166,-5.623097,93.2498842407516
70003,vo,43.52163995992655,-5.624254104946032,43.521655,-5.6231,92.90621993056413
70203,vo,43.52163836893811,-5.624252925613672,43.52165,-5.623102,92.64432619143149
70403,vo,43.52163679517306,-5.624251759048277,43.521644,-5.623105,92.30344664350575
70603,vo,43.5216352148345,-5.624250587610217,43.521639,-5.623107,92.04568688460607
70804,vo,43.52163362966594,-5.624249412591889,43.521634,-5.62311,91.70870718159772
71004,vo,43.52163205413997,-5.624248244721199,43.521629,-5.623112,91.45435925931577
71204,vo,43.52163049477158,-5.62424708882744,43.521624,-5.623114,91.2025771685536
71404,vo,43.52162894007325,-5.6242459363954,43.521619,-5.623117,90.8722141464572
71604,vo,43.521627388486365,-5.624244786269742,43.521614,-5.623119,90.62416277100458
71805,vo,43.52162580323284,-5.624243611188426,43.521609,-5.623122,90.2952070027831
72005,vo,43.52162421191307,-5.62424243161047,43.521604,-5.623124,90.04798453926168
72205,vo,43.521622598750575,-5.624241235841418,43.521599,-5.623127,89.72057802334804
72405,vo,43.52162094762349,-5.624240011930825,43.521594,-5.623129,89.47286685678058
72605,vo,43.52161941367711,-5.624238874881325,43.521589,-5.623131,89.23424860403227
72806,vo,43.52161803700016,-5.624237854408992,43.521585,-5.623133,89.00283997173898
73006,vo,43.521616854631354,-5.624236977969065,43.521581,-5.623135,88.7849945009492
73206,vo,43.52161579205576,-5.624236190326772,43.521578,-5.623137,88.57077882802668
73406,vo,43.521614816829896,-5.624235467433132,43.521574,-5.623138,88.44883129204061
73606,vo,43.52161387696075,-5.62423477074793,43.521571,-5.623139,88.3244796691829
73807,vo,43.521612986229634,-5.624234110486672,43.521568,-5.62314,88.20399262540485
74007,vo,43.5216121152046,-5.624233464832693,43.521566,-5.623142,87.99859561999898
74207,vo,43.521611325273014,-5.624232879289859,43.521564,-5.623143,87.87912482849485
74407,vo,43.5216106994264,-5.624232415376263,43.521562,-5.623144,87.77077358613678
74607,vo,43.5216102850435,-5.62423210821177,43.521561,-5.623145,87.66979645731706
74808,vo,43.52161001776653,-5.624231910090667,43.52156,-5.623145,87.65899633505217
75008,vo,43.52160995934177,-5.624231866782863,43.52156,-5.623144,87.73543377359974
75208,vo,43.5216100376318,-5.6242319248159545,43.52156,-5.623144,87.74064506986282
75408,vo,43.52160881205927,-5.62423101635093,43.52156,-5.623143,87.73949196390866
75608,vo,43.52160795200959,-5.62423037883252,43.52156,-5.623143,87.68243058645167
75809,vo,43.52160658250819,-5.62422936367912,43.521559,-5.623144,87.51805166086898
76009,vo,43.52160547257017,-5.624228540929068,43.521559,-5.623144,87.44459673795049
76209,vo,43.5216046999645,-5.6242279682292,43.521558,-5.623146,87.23938484438598
76409,vo,43.52160397101653,-5.6242274278909345,43.521556,-5.623147,87.12413765677981
76609,vo,43.52160315115755,-5.624226820164186,43.521554,-5.623149,86.92276736693785
76810,vo,43.5216020638557,-5.6242260141933675,43.521551,-5.623152,86.63067549473216
77010,vo,43.52160068855102,-5.624224994738244,43.521548,-5.623155,86.319889533396
77210,vo,43.52159898476212,-5.624223731791675,43.521543,-5.623159,85.92295851092234
77410,vo,43.521597084353346,-5.624222323099121,43.521538,-5.623164,85.43422531807832
77610,vo,43.52159517623486,-5.624220908691688,43.521533,-5.623169,84.94667781646369
77811,vo,43.521593343775336,-5.624219550367031,43.521528,-5.623174,84.46608431378924
78011,vo,43.521591601821534,-5.624218259130442,43.521523,-5.623178,84.07377538538745
78211,vo,43.52158993494652,-5.624217023546571,43.521519,-5.623182,83.67809212780097
78411,vo,43.5215883313335,-5.624215834856144,43.521514,-5.623187,83.218739724649
78611,vo,43.52158672505808,-5.624214644192193,43.521509,-5.623191,82.84141391903422
78812,vo,43.521585116948266,-5.624213452168479,43.521505,-5.623195,82.4540208904012
79012,vo,43.5215835124201,-5.624212262799691,43.521501,-5.623199,82.06804270636441
79212,vo,43.521581925824535,-5.624211086723584,43.521496,-5.623203,81.69741998158621
79412,vo,43.52158031718082,-5.6242098943041094,43.521492,-5.623208,81.2340450546665
79612,vo,43.52157870636889,-5.624208700277438,43.521487,-5.623212,80.8655610349565
79813,vo,43.52157710772085,-5.624207515267339,43.521483,-5.623216,80.48573304271981
80013,vo,43.521575520509415,-5.624206338734709,43.521479,-5.62322,80.10801104321295
80213,vo,43.52157391941626,-5.624205151912149,43.521474,-5.623224,79.74590723879396
80413,vo,43.521572314917144,-5.624203962564891,43.521469,-5.623229,79.30624158414473
80613,vo,43.52157071222759,-5.624202774558994,43.521465,-5.623233,78.93220659363203
80814,vo,43.52156911093791,-5.624201587590756,43.521461,-5.623237,78.559617833625
81014,vo,43.52156751510159,-5.624200404664862,43.521456,-5.623241,78.20629874434857
81214,vo,43.52156591407874,-5.624199217894419,43.521452,-5.623246,77.7575179408513
81414,vo,43.52156432523514,-5.624198040151934,43.521447,-5.62325,77.4091555243107
81614,vo,43.521562728428464,-5.624196856506762,43.521443,-5.623254,77.04348466488895
81815,vo,43.5215611077408,-5.624195655159622,43.521439,-5.623258,76.67739706411582
82015,vo,43.52155950485582,-5.62419446700886,43.521434,-5.623262,76.33434698534288
82215,vo,43.52155788814362,-5.624193268608561,43.52143,-5.623267,75.89292567961935
82415,vo,43.52155624991569,-5.624192054259563,43.521425,-5.623271,75.55175554802284
82615,vo,43.52155461184685,-5.624190840028496,43.521421,-5.623275,75.19126998583421
82816,vo,43.52155298055509,-5.6241896308209895,43.521416,-5.623279,74.85533669177138
83016,vo,43.52155135208273,-5.624188423703386,43.521412,-5.623284,74.42049504343966
83216,vo,43.521549658095395,-5.624187168022301,43.521408,-5.623288,74.0606934088204
83416,vo,43.52154812654076,-5.6241860327456985,43.521403,-5.623292,73.73999390883753
83616,vo,43.52154679724525,-5.624185047395229,43.5214,-5.623295,73.46791370182252
83817,vo,43.52154561407121,-5.624184170358412,43.521397,-5.623298,73.20884484343733
84017,vo,43.52154453331266,-5.6241833692378576,43.521394,-5.623301,72.95929909260633
84217,vo,43.52154350528722,-5.624182607206132,43.521391,-5.623303,72.79350957409807
84417,vo,43.52154252489796,-5.62418188048509,43.521388,-5.623306,72.55448292666645
84617,vo,43.521541548648955,-5.624181156833038,43.521386,-5.623308,72.36852383745597
84818,vo,43.52154056885992,-5.624180430556912,43.521383,-5.62331,72.20943727667549
85018,vo,43.5215396981827,-5.62417978516076,43.521381,-5.623312,72.03342794256723
85218,vo,43.521539118438035,-5.624179355420587,43.52138,-5.623313,71.93329118517701
85418,vo,43.521538773981355,-5.624179100089437,43.521379,-5.623314,71.85327589867563
85618,vo,43.52153851800603,-5.62417891034577,43.521378,-5.623315,71.78093861658631
85819,vo,43.52153854017088,-5.624178926775629,43.521378,-5.623315,71.78283036291499
86019,vo,43.52153866046113,-5.624179015941703,43.521379,-5.623315,71.76560521076844
86219,vo,43.52153941109054,-5.624179572351496,43.521379,-5.623315,71.82961192604373
86419,vo,43.52154040983148,-5.624180312675866,43.521379,-5.623315,71.91487987642427
86619,vo,43.52154099521666,-5.624180746597113,43.521378,-5.623315,71.99272904466278
86820,vo,43.52154124309446,-5.624180930338431,43.521378,-5.623316,71.93606606062474
87020,vo,43.521541076419425,-5.6241808067892824,43.521377,-5.623317,71.87193814641229
87220,vo,43.52154060741633,-5.624180459137148,43.521376,-5.623319,71.70416111528044
87420,vo,43.52153982891186,-5.624179882064754,43.521375,-5.623323,71.3542856436586
87620,vo,43.521538633688046,-5.624178996095944,43.521374,-5.623328,70.8908899791543
87821,vo,43.521537080303204,-5.624177844637538,43.521372,-5.623334,70.34779198602949
88021,vo,43.52153513168575,-5.624176400209934,43.52137,-5.623341,69.69330550503177
88221,vo,43.52153301723344,-5.6241748328559655,43.521368,-5.623349,68.94728131241597
88421,vo,43.521530914878326,-5.624173274469144,43.521366,-5.623357,68.20284929833709
88621,vo,43.52152887008031,-5.624171758746958,43.521364,-5.623365,67.46401603907667
88822,vo,43.52152690358733,-5.624170301068979,43.521362,-5.623372,66.81007459031356
89022,vo,43.521525057809875,-5.624168932872311,43.52136,-5.623379,66.16730387355078
89222,vo,43.521523301713735,-5.624167631152601,43.521358,-5.623386,65.53307893598559
89422,vo,43.52152151570126,-5.62416630725718,43.521356,-5.623394,64.81970345094908
89622,vo,43.52151968937745,-5.624164953480669,43.521354,-5.623401,64.18070417534456
89823,vo,43.5215178851946,-5.624163616116317,43.521352,-5.623407,63.62141510356313
90023,vo,43.52151606510659,-5.624162266962145,43.52135,-5.623414,62.9843119101479
90223,vo,43.521514221395655,-5.624160900297302,43.521348,-5.623422,62.26894740617172
90423,vo,43.52151239130256,-5.624159543726781,43.521346,-5.623429,61.63252055821256
90623,vo,43.52151056078357,-5.624158186840564,43.521344,-5.623436,60.99683730907374
90824,vo,43.52150874467554,-5.624156840636588,43.521342,-5.623443,60.36326948033964
91024,vo,43.52150692477725,-5.6241554916230445,43.52134,-5.62345,59.73019791695457
91224,vo,43.52150510375481,-5.624154141776218,43.521338,-5.623457,59.097889769664036
91424,vo,43.52150329223957,-5.624152798976677,43.521336,-5.623464,58.46734823479784
91624,vo,43.52150149190451,-5.6241514644645285,43.521334,-5.623471,57.8387666882985
91825,vo,43.521499703454474,-5.624150138762247,43.521332,-5.623477,57.288367438294955
92025,vo,43.521497917943506,-5.624148815238572,43.52133,-5.623484,56.663023805775296
92225,vo,43.52149613105297,-5.624147490692281,43.521328,-5.623491,56.03859252081232
92425,vo,43.52149434926413,-5.62414616992766,43.521326,-5.623499,55.3399466451239
92625,vo,43.52149256413367,-5.624144846686043,43.521325,-5.623505,54.7558317634303
92826,vo,43.5214907557112,-5.624143506179036,43.521323,-5.623512,54.13222950268349
93026,vo,43.521488920790134,-5.624142146029746,43.521321,-5.623519,53.50728356300748
93226,vo,43.52148707558442,-5.62414077825688,43.521319,-5.623526,52.88254367989434
93426,vo,43.52148523104437,-5.624139410977453,43.521317,-5.623533,52.25908435322592
93626,vo,43.52148340233693,-5.624138055434061,43.521315,-5.62354,51.638403424401
93827,vo,43.52148157569635,-5.624136701422744,43.521313,-5.623547,51.019242417342674
94027,vo,43.52147973677057,-5.624135338304929,43.521311,-5.623554,50.40026568602266
94227,vo,43.52147787687276,-5.624133959641436,43.521309,-5.623561,49.78066514294261
94427,vo,43.52147604027215,-5.624132598247174,43.521307,-5.623568,49.16478301368531
94627,vo,43.521474199273776,-5.624131233593036,43.521305,-5.623576,48.47578108390677
94828,vo,43.52147227770422,-5.624129809214889,43.521303,-5.623583,47.85481677075653
95028,anchor,43.52147047069758,-5.62412846975738,43.521302,-5.623589,47.276584243010014
95228,vo,43.52147084855547,-5.624128091909121,43.5213,-5.623595,46.91162761138819
95428,vo,43.521471169569985,-5.624127770902783,43.521298,-5.623601,46.55252827151446
95628,vo,43.52147145551774,-5.624127484962312,43.521297,-5.623605,46.29808160037233
95829,vo,43.52147172052584,-5.624127219960969,43.521296,-5.623609,46.04579783949602
96029,vo,43.521471978313826,-5.624126962179547,43.521295,-5.623614,45.722615595249444
96229,vo,43.521472232968215,-5.624126707531653,43.521294,-5.623618,45.47404040059854
96429,vo,43.521472479177945,-5.6241264613281965,43.521293,-5.623621,45.299590773961576
96629,vo,43.52147270083261,-5.624126239679178,43.521292,-5.623625,45.054876010855466
96830,vo,43.521472855823035,-5.6241260846926995,43.521291,-5.623627,44.957046695930515
97030,vo,43.52147294989246,-5.62412599062567,43.521291,-5.623628,44.88307806546437
97230,vo,43.521472995250704,-5.624125945268582,43.521291,-5.623629,44.810224318584744
97430,vo,43.521472966920754,-5.624125973597812,43.521291,-5.62363,44.739008916346414
97630,vo,43.521472924057164,-5.624126016460312,43.521291,-5.623629,44.81177749138068
97831,vo,43.521473522788995,-5.624125417743736,43.521291,-5.623629,44.79878003133042
98031,vo,43.521473826731196,-5.624125113809278,43.521291,-5.623629,44.79223808829076
98231,vo,43.52147416584608,-5.624124774703039,43.521291,-5.62363,44.713282697712756
98431,vo,43.52147437195057,-5.624124568603799,43.52129,-5.623631,44.687996378724016
98631,vo,43.52147455790603,-5.624124382653075,43.52129,-5.623633,44.541150267498125
98832,vo,43.52147476148538,-5.624124179078913,43.521289,-5.623636,44.374271991273275
99032,vo,43.521475028394796,-5.624123912176302,43.521289,-5.62364,44.084324695622534
99232,vo,43.521475363430866,-5.624123577148763,43.521289,-5.623645,43.72298270142328
99432,vo,43.52147579125762,-5.624123149332912,43.521288,-5.623652,43.27332552703041
99632,vo,43.52147630682711,-5.624122633776557,43.521288,-5.62366,42.701944520778454
99833,vo,43.52147684120071,-5.6241220994165815,43.521288,-5.623668,42.133767852428434
100033,vo,43.52147736144158,-5.624121579188961,43.521287,-5.623677,41.55635879936169
100200,vo,43.52147778201979,-5.624121158621472,43.521287,-5.623684,41.06724055992421
100400,vo,43.52147826982451,-5.624120670829177,43.521286,-5.623692,40.5700736620463
100600,vo,43.52147875079328,-5.62412018987267,43.521286,-5.6237,40.01966938079911
100800,vo,43.52147922659801,-5.624119714080059,43.521285,-5.623707,39.60141870806838
101000,vo,43.52147970002272,-5.624119240667413,43.521285,-5.623715,39.0601502749693
101201,vo,43.52148017135844,-5.624118769343706,43.521284,-5.623722,38.65243696341362
101401,vo,43.521480646379935,-5.624118294334313,43.521284,-5.62373,38.12094936558661
101601,vo,43.52148111950759,-5.624117821218714,43.521284,-5.623737,37.659881667691955
101801,vo,43.52148159599147,-5.62411734474698,43.521283,-5.623744,37.2684494802
102001,vo,43.5214820750746,-5.62411686567605,43.521283,-5.623752,36.752340573339985
102202,vo,43.521482561766376,-5.6241163789966775,43.521282,-5.623759,36.37341232776699
102402,vo,43.52148303882583,-5.624115901949381,43.521282,-5.623767,35.86918834071625
102602,vo,43.52148351953723,-5.62411542125023,43.521281,-5.623775,35.44134757646244
102802,vo,43.521484004362385,-5.624114936437426,43.521281,-5.623782,35.012297118601985
103002,vo,43.52148448875421,-5.624114452057945,43.521281,-5.623789,34.588496538724414
103203,vo,43.52148497951245,-5.624113961312208,43.52128,-5.623797,34.18376996918804
103403,vo,43.521485464442506,-5.624113476394514,43.52128,-5.623805,33.713547060131496
103603,vo,43.52148594206156,-5.624112998787628,43.52128,-5.623812,33.30915432865139
103803,vo,43.52148640826365,-5.624112532597416,43.521279,-5.623819,32.98803355260486
104003,vo,43.52148688208257,-5.624112058790573,43.521279,-5.623827,32.540317943493655
104204,vo,43.52148734537406,-5.624111595510886,43.521278,-5.623834,32.2364765540668
104404,vo,43.52148780594692,-5.624111134949762,43.521278,-5.623842,31.805698342330672
104604,vo,43.521488269138615,-5.624110671769872,43.521277,-5.623849,31.520304401669325
104804,vo,43.52148873797266,-5.62411020294777,43.521277,-5.623856,31.161068267948043
105004,vo,43.521489157328375,-5.624109783602743,43.521277,-5.623864,30.755997940963862
105205,vo,43.52148950343118,-5.6241094375087615,43.521276,-5.62387,30.545746707940875
105405,vo,43.521489806440194,-5.624109134507463,43.521276,-5.623876,30.25460962596397
105605,vo,43.52149007047237,-5.624108870482017,43.521276,-5.623881,30.01686311937436
105805,vo,43.52149031244451,-5.62410862851604,43.521276,-5.623885,29.830883587916546
106005,vo,43.52149054446865,-5.624108396497815,43.521275,-5.623889,29.736519095680052
106206,vo,43.521490774258396,-5.624108166713919,43.521275,-5.623893,29.556282417551305
106406,vo,43.52149099844984,-5.624107942528193,43.521275,-5.623898,29.332218904614077
106606,vo,43.52149120149123,-5.624107739491974,43.521275,-5.623901,29.20297893561218
106806,vo,43.52149135494384,-5.624107586043274,43.521275,-5.623904,29.07316998856198
107006,vo,43.521491457820765,-5.624107483168973,43.521274,-5.623906,29.079645607152003
107207,vo,43.52149152377926,-5.624107417212157,43.521274,-5.623907,29.03797356099717
107407,vo,43.5214915385469,-5.624107402444895,43.521274,-5.623907,29.03867634060521
107607,vo,43.5214915163902,-5.624107424601027,43.521274,-5.623907,29.03762196804333
107807,vo,43.5214914863376,-5.624107454652858,43.521275,-5.623907,28.94397134584912
108007,vo,43.5214914700891,-5.624107470900945,43.521275,-5.623907,28.943203037747637
108208,vo,43.52149149109601,-5.624107449894578,43.521274,-5.623907,29.03641863328664
108408,vo,43.521491542407915,-5.624107398583975,43.521274,-5.623908,28.994229966133986
108608,vo,43.521491621262236,-5.6241073197316656,43.521274,-5.62391,28.909260561500503
108808,vo,43.52149174092573,-5.6241072000712204,43.521274,-5.623913,28.783233357740503
109008,vo,43.521491917356364,-5.624107023645084,43.521273,-5.623916,28.755463402624592
109209,vo,43.5214921638306,-5.624106777177123,43.521273,-5.623921,28.555212690485444
109409,vo,43.52149248714963,-5.624106453866338,43.521272,-5.623927,28.418426652532087
109609,vo,43.52149289209057,-5.624106048935712,43.521272,-5.623935,28.119819307512333
109809,vo,43.52149334347603,-5.624105597561757,43.521271,-5.623943,27.93533522645541
110009,anchor,43.52149378591551,-5.624105155133549,43.52127,-5.623951,27.766662615358317
110210,vo,43.521492919704365,-5.624106731729679,43.52127,-5.62396,27.4180593702689
110410,vo,43.52149187690958,-5.624108629726746,43.521269,-5.623968,27.205794792898473
110610,vo,43.521492207590306,-5.6241080278527695,43.521268,-5.623976,27.060880768502706
110810,vo,43.52148884273392,-5.624114152248145,43.521268,-5.623983,26.689835404567873
111010,vo,43.521485518889065,-5.624120201998204,43.521267,-5.62399,26.422690345304357
111211,vo,43.52148578953941,-5.624119709385883,43.521266,-5.623998,26.28993913428912
111411,vo,43.521482443704,-5.624125799161078,43.521265,-5.624005,26.02102074363678
111611,vo,43.52147908725968,-5.624131908245628,43.521265,-5.624013,25.61857230665814
111811,vo,43.5214757585973,-5.62413796676409,43.521264,-5.62402,25.350509980969374
112011,vo,43.521476746185186,-5.62413616924941,43.521264,-5.624027,25.1965972512604
112212,vo,43.5214768295625,-5.624136017493856,43.521263,-5.624034,25.11529334042549
112412,vo,43.52147344566465,-5.624142176546749,43.521262,-5.624042,24.816835997297254
112612,vo,43.52147005133347,-5.62414835458937,43.521262,-5.62405,24.41286575610148
112812,vo,43.521468593436296,-5.624151008116808,43.521261,-5.624057,24.25338139062897
113012,vo,43.521465228351076,-5.62415713292871,43.52126,-5.624064,23.98198798195769
113213,vo,43.521461889866934,-5.624163209323811,43.52126,-5.624071,23.60679101210704
113413,vo,43.52145852763771,-5.624169328937481,43.521259,-5.624079,23.310376913982928
113613,vo,43.52145518303705,-5.624175416465312,43.521258,-5.624086,23.04020472009423
113813,vo,43.521451817225156,-5.624181542599828,43.521258,-5.624094,22.638197413590472
114013,vo,43.52144842557278,-5.624187715766758,43.521257,-5.6241,22.390454081208524
114214,vo,43.52144470148933,-5.624194493993492,43.521257,-5.624108,21.96719191342371
114414,vo,43.52144091603422,-5.62420138392315,43.521256,-5.624116,21.645632202768795
114614,vo,43.52143697213078,-5.624208562245572,43.521255,-5.624123,21.340645991777134
114814,vo,43.52143356356468,-5.624214766197286,43.521254,-5.624129,21.093141812416476
115014,vo,43.521430576038235,-5.624220203812176,43.521254,-5.624135,20.76507831471151
115215,vo,43.5214280322397,-5.6242248337952185,43.521253,-5.624141,20.56696873576928
115415,vo,43.52142568958409,-5.624229097676811,43.521253,-5.624146,20.301909776837363
115615,vo,43.5214234448012,-5.62423318341968,43.521253,-5.62415,20.069118182385235
115815,vo,43.521421359903236,-5.624236978155029,43.521252,-5.624155,19.923296022709923
116015,vo,43.52141915482828,-5.624240991625244,43.521252,-5.624159,19.692875762762313
116216,vo,43.521416985300114,-5.624244940396546,43.521252,-5.624163,19.46475259403159
116416,vo,43.52141511541527,-5.624248343785212,43.521252,-5.624166,19.280737870349782
116616,vo,43.52141381487723,-5.624250710902343,43.521251,-5.624169,19.231935082163357
116816,vo,43.52141302978879,-5.624252139846544,43.521251,-5.62417,19.161951810834193
117016,vo,43.52141249724528,-5.624253109132195,43.521251,-5.624171,19.105624897878464
117217,vo,43.521412471419204,-5.624253156138387,43.521251,-5.624171,19.104244439712797
117417,vo,43.521412688470576,-5.624252761081875,43.521251,-5.624171,19.115879865659046
117617,vo,43.52141313353584,-5.624251951015914,43.521251,-5.624171,19.13997632449251
117817,vo,43.52141307173768,-5.624252063495113,43.521251,-5.624171,19.136611393704563
118017,vo,43.521412843952525,-5.624252478088252,43.521251,-5.624171,19.12426156023606
118218,vo,43.52141239626723,-5.624253292922953,43.521251,-5.624172,19.072471131528633
118418,vo,43.521411680403624,-5.624254595870618,43.521251,-5.624174,18.978602144637506
118618,vo,43.52141062140849,-5.624256523354036,43.52125,-5.624177,18.9431059330288
118818,vo,43.52140895101699,-5.624259563643689,43.52125,-5.62418,18.76980819424433
119018,vo,43.521406472091975,-5.624264075550038,43.521249,-5.624185,18.602103843943247
119219,vo,43.521403175411535,-5.624270075857977,43.521248,-5.624191,18.362774106440597
119419,vo,43.521399079814366,-5.624277530279081,43.521247,-5.624199,18.02541113199168
119619,vo,43.52139460160501,-5.6242856810949196,43.521246,-5.624207,17.668710815001162
119819,vo,43.521390105247455,-5.624293864942397,43.521245,-5.624215,17.31237992763721
120019,vo,43.52138581774644,-5.624301668648843,43.521244,-5.624224,16.937634452744916
120220,vo,43.52138169349834,-5.624309175217669,43.521243,-5.624231,16.631203779394543
120420,vo,43.52137770387345,-5.62431643675798,43.521241,-5.624239,16.404309068608445
120620,vo,43.52137378932642,-5.624323561648631,43.52124,-5.624247,16.078397058579377
120820,vo,43.521369893196784,-5.62433065301766,43.521239,-5.624254,15.78482883297949
121020,vo,43.52136600234107,-5.624337734787597,43.521238,-5.624261,15.492600677047358
121221,vo,43.52136215167532,-5.624344743407538,43.521237,-5.624269,15.170690231781753
121421,vo,43.52135835284175,-5.624351657687405,43.521236,-5.624276,14.883907909356985
121621,vo,43.52135456620233,-5.624358549772652,43.521235,-5.624284,14.565250219984136
121821,vo,43.521350793575785,-5.624365416352961,43.521235,-5.62429,14.214369762868262
122021,vo,43.521346979407994,-5.624372358542741,43.521234,-5.624298,13.89566812463612
122222,vo,43.521343311379894,-5.624379034742792,43.521233,-5.624305,13.617566700843561
122422,vo,43.52133957209443,-5.624385840638804,43.521232,-5.624313,13.302187537544294
122622,vo,43.521336061956745,-5.624392229461563,43.521231,-5.62432,13.030640071208358
122822,vo,43.5213324252571,-5.6243988486405065,43.52123,-5.624327,12.755451256999486
123022,vo,43.52132878091403,-5.624405481731297,43.521229,-5.624334,12.480896471689896
123223,vo,43.52132530750832,-5.62441180369797,43.521227,-5.624342,12.273582010411246
123423,vo,43.52132186232059,-5.624418074304913,43.521226,-5.624349,12.005615161375692
123623,vo,43.5213183816187,-5.62442440955141,43.521226,-5.624357,11.601286852625119
123823,vo,43.52131478369147,-5.624430958160438,43.521225,-5.624364,11.329871546761805
124023,vo,43.521311415708695,-5.62443708824619,43.521224,-5.62437,11.104458654112923
124224,vo,43.521308479186686,-5.624442433027598,43.521223,-5.624377,10.851852906095857
124424,vo,43.52130587709631,-5.624447169107984,43.521222,-5.624382,10.686272945470408
124624,vo,43.521303550089165,-5.624451404507705,43.521221,-5.624387,10.527749649043455
124824,vo,43.52130139084581,-5.624455334559558,43.521221,-5.624392,10.27682838367744
125024,vo,43.521299348753885,-5.624459051383375,43.52122,-5.624396,10.165153734655004
125225,vo,43.5212973157904,-5.62446275159247,43.52122,-5.6244,9.958005116325474
125425,vo,43.52129532811108,-5.624466369379579,43.521219,-5.624404,9.847960716617882
125625,vo,43.52129352097103,-5.624469658566076,43.521219,-5.624408,9.646368333198415
125825,vo,43.521292179133866,-5.624472100851989,43.521218,-5.62441,9.632275826894038
126025,vo,43.52129128539183,-5.624473727557246,43.521218,-5.624412,9.531916361357684
126226,vo,43.521290722284526,-5.624474752472249,43.521218,-5.624413,9.479681027328192
126426,vo,43.52129067157156,-5.624474844775223,43.521218,-5.624413,9.478787526088489
126626,vo,43.52129085679982,-5.624474507640149,43.521218,-5.624413,9.482095002430192
126826,vo,43.52129352576906,-5.624469649833153,43.521218,-5.624413,9.543118160518208
127026,vo,43.521293835294436,-5.6244690864641536,43.521218,-5.624413,9.551800341831045
127227,vo,43.521296081735336,-5.624464997703524,43.521218,-5.624414,9.589934426551137
127427,vo,43.521296874138564,-5.62446355544564,43.521218,-5.624415,9.587706793875048
127627,vo,43.52129695469766,-5.62446340881954,43.521218,-5.624417,9.526811957674992
127827,vo,43.52129643501092,-5.624464354704512,43.521218,-5.624419,9.440642090006136
128027,vo,43.52129524189396,-5.62446652630388,43.521218,-5.624422,9.292730971556812
128228,vo,43.52129318198895,-5.624470275549396,43.521218,-5.624426,9.074252613006687
128428,vo,43.521290370382424,-5.624475392971394,43.521218,-5.624433,8.727747101178991
128628,vo,43.52128679796233,-5.624481895154726,43.521219,-5.62444,8.246520635672313
128828,vo,43.52128284476274,-5.624489090397137,43.521219,-5.624448,7.820516959276453
129028,vo,43.52127880435046,-5.624496444375878,43.52122,-5.624457,7.258431874888666
129229,vo,43.52127490172533,-5.6245035475674126,43.521221,-5.624465,6.739708723939246
129429,vo,43.521271125875565,-5.624510420014318,43.521221,-5.624473,6.326859907325946
129629,vo,43.52126750238809,-5.624517015145706,43.521222,-5.624481,5.823508064787514
129829,vo,43.52126393626237,-5.624523505872623,43.521223,-5.624488,5.367896012075605
130029,vo,43.521260406992695,-5.624529929517639,43.521223,-5.624496,4.969761729350427
130230,vo,43.52125700167804,-5.624536127551372,43.521223,-5.624503,4.621044961692588
130430,vo,43.5212536282271,-5.624542267589749,43.521224,-5.624511,4.1411847854728725
130630,vo,43.52125019800194,-5.624548510963244,43.521224,-5.624518,3.806200579486669
130830,vo,43.5212467329999,-5.624554817634346,43.521225,-5.624525,3.402843906062519
131030,vo,43.52124309927037,-5.624561431407354,43.521225,-5.624533,3.045144468913967
131231,vo,43.52123989070754,-5.6245672713319115,43.521226,-5.62454,2.682438895387612
131431,vo,43.52123698991953,-5.624572551073645,43.521226,-5.624546,2.4607091355690724
131631,vo,43.52123443678356,-5.624577198051822,43.521227,-5.624552,2.1897036281825972
131831,vo,43.52123217086107,-5.6245813222710055,43.521227,-5.624556,2.1174210391815174
132031,vo,43.521230069703584,-5.624585146600405,43.521227,-5.624561,1.973160342272403
132232,vo,43.521228032779014,-5.624588854019095,43.521228,-5.624565,1.9199714816386522
132432,vo,43.521225997779624,-5.624592557933749,43.521228,-5.62457,1.8291999941745938
132632,vo,43.52122402160634,-5.6245961547786445,43.521228,-5.624574,1.8370659487460208
132832,vo,43.5212223237346,-5.624599245085248,43.521229,-5.624577,1.9377700525752097
133032,vo,43.52122136762505,-5.624600985305989,43.521229,-5.624579,1.9619058528497337
133233,vo,43.52122136762505,-5.624600985305989,43.521229,-5.624581,1.8180410844576556
133433,vo,43.52122136762505,-5.624600985305989,43.521229,-5.624582,1.7472286225750329
133600,vo,43.52122136762505,-5.624600985305989,43.521229,-5.624583,1.677289196208554
133800,vo,43.52122136762505,-5.624600985305989,43.52123,-5.624582,1.803664538243513
134000,vo,43.52122153218126,-5.6246006857962465,43.52123,-5.624582,1.7735390528651747
134200,vo,43.52122136762505,-5.624600985305989,43.52123,-5.624582,1.803664538243513
134400,vo,43.52122136762505,-5.624600985305989,43.52123,-5.624583,1.7360002772549665
134601,vo,43.52122186384773,-5.624600082128109,43.52123,-5.624583,1.64498982095106
134801,vo,43.5212220739456,-5.6245996997277,43.521231,-5.624584,1.605759480508926
135001,anchor,43.52122136762505,-5.624600985305989,43.521232,-5.624584,1.8060638730973588
135201,vo,43.521223462159924,-5.624600941361774,43.521234,-5.624585,1.7362384196954392
135401,vo,43.5212257479642,-5.624600893404647,43.521237,-5.624585,1.7878410073015225
135602,vo,43.52122833081575,-5.624600839215345,43.521241,-5.624585,1.8981349243127472
135802,vo,43.52123241955553,-5.6246007534318805,43.521246,-5.624585,1.9697918847936904
136002,vo,43.521238071022054,-5.624600634861757,43.521252,-5.624585,1.99351507817124
136202,vo,43.52124429133506,-5.624600504356997,43.521258,-5.624585,1.9679312729765022
136402,vo,43.521250564832926,-5.6246003727363965,43.521265,-5.624585,2.0244373823866013
136603,vo,43.521256909144,-5.624600239630105,43.521271,-5.624585,1.987695746924441
136803,vo,43.52126288419992,-5.624600114270941,43.521276,-5.624585,1.897216776068276
137003,vo,43.52126867377928,-5.6245999928031525,43.521282,-5.624585,1.909003149369254
137203,vo,43.5212743880485,-5.624599872915403,43.521288,-5.624586,1.8787514371432943
137403,vo,43.521280038711964,-5.624599754362127,43.521293,-5.624586,1.815338869784358
137604,vo,43.52128574715939,-5.624599634596521,43.521299,-5.624586,1.8353123037053147
137804,vo,43.52129146893915,-5.624599514551196,43.521304,-5.624586,1.7657745684745472
138004,vo,43.521297138686215,-5.6245993955975395,43.521309,-5.624586,1.701745377327387
138204,vo,43.5213027775549,-5.624599277291724,43.521315,-5.624586,1.72703647484477
138404,vo,43.52130851980618,-5.624599156816898,43.521321,-5.624586,1.7436950047721267
138605,vo,43.521314194356776,-5.6245990377624615,43.521326,-5.624586,1.6788168245068957
138805,vo,43.52131974812381,-5.6245989212421135,43.521331,-5.624586,1.6252722155645571
139005,vo,43.52132532304835,-5.6245988042778725,43.521337,-5.624587,1.6070720107198375
139205,vo,43.521331113589405,-5.624598682789908,43.521342,-5.624587,1.5311505859100867
139405,vo,43.5213362286616,-5.624598575473561,43.521347,-5.624587,1.51576569855402
139606,vo,43.52134067298181,-5.62459848222987,43.521351,-5.624587,1.4724520090479873
139806,vo,43.521344532164605,-5.624598401262606,43.521355,-5.624587,1.4806049167619522
140006,anchor,43.521348048442896,-5.624598327489622,43.521358,-5.624587,1.4322845745279043
140206,vo,43.52135168338023,-5.624598951893366,43.521361,-5.624587,1.4123987102365454
140406,vo,43.52135526186774,-5.6245995666002475,43.521365,-5.624587,1.4803612135841224
140607,vo,43.521358860103184,-5.624600184699398,43.521368,-5.624587,1.4681405008682717
140807,vo,43.52136209265378,-5.62460073998179,43.52137,-5.624587,1.4118813090446087
141007,vo,43.52136500690157,-5.624601240586631,43.521372,-5.624587,1.3843073145196654
141207,vo,43.521367215867855,-5.62460162003934,43.521374,-5.624587,1.3970613794091085
141407,vo,43.521368631087164,-5.624601863143457,43.521375,-5.624587,1.389576860537174
141608,vo,43.52136928908503,-5.624601976173282,43.521376,-5.624587,1.4170001233635572
141808,vo,43.521369296504375,-5.624601977447766,43.521376,-5.624587,1.4166546511652238
142008,vo,43.52136916221066,-5.624601954379005,43.521376,-5.624586,1.4916702114712181
142208,vo,43.52136912818128,-5.624601948533492,43.521376,-5.624586,1.4931912115275427
142408,vo,43.52136833401735,-5.624601812113278,43.521376,-5.624586,1.5309479369181287
142609,vo,43.52136778900915,-5.624601718492637,43.521376,-5.624586,1.55926031370895
142809,vo,43.52136755006332,-5.624601677446903,43.521377,-5.624587,1.5798387131710796
143009,vo,43.52136785263752,-5.624601729422618,43.521378,-5.624587,1.6352954861857942
143209,vo,43.52136897352523,-5.624601921966922,43.521379,-5.624587,1.637415432665137
143409,vo,43.52137162876542,-5.624602378079852,43.521382,-5.624588,1.6323407188722268
143610,vo,43.521375507101965,-5.624603044294323,43.521386,-5.624588,1.6801182313834688
143810,vo,43.52138067627833,-5.6246039322472035,43.52139,-5.624588,1.6478838402629226
144010,vo,43.521387282552574,-5.624605067062466,43.521396,-5.624588,1.6802844834334858
144210,vo,43.52139460301573,-5.624606324559961,43.521402,-5.624588,1.688046154247955
144410,vo,43.52140206549712,-5.624607606453124,43.521408,-5.624588,1.7100510982636246
144611,vo,43.52140961151885,-5.624608902696712,43.521415,-5.624588,1.7855735940110158
144811,vo,43.52141685010136,-5.624610146128882,43.52142,-5.624588,1.8164646479868116
145011,anchor,43.52142370811245,-5.6246113241871,43.521426,-5.624588,1.8944753457326216
145211,vo,43.52142863827492,-5.624611066758109,43.521432,-5.624588,1.8937245339089752
145411,vo,43.52143349963317,-5.6246108129217385,43.521437,-5.624588,1.876823891927967
145612,vo,43.52143833550149,-5.624610560416326,43.521443,-5.624588,1.8882150290355952
145812,vo,43.5214431969922,-5.6246103065730395,43.521448,-5.624588,1.8728934243083462
146012,vo,43.52144804079567,-5.624610053653294,43.521453,-5.624588,1.8584490077168745
146212,vo,43.52145288464142,-5.624609800731339,43.521459,-5.624588,1.8814178954097271
146412,vo,43.52145768455775,-5.624609550103165,43.521464,-5.624587,1.945683892802227
146613,vo,43.52146235637289,-5.624609306163809,43.52147,-5.624587,1.9857573609004526
146813,vo,43.5214670729158,-5.624609059888988,43.521475,-5.624587,1.9816227104583106
147013,vo,43.521471811448684,-5.624608812465958,43.52148,-5.624587,1.9769731839344005
147213,vo,43.521476580037614,-5.624608563473547,43.521486,-5.624587,2.026231738824165
147413,vo,43.521481482484376,-5.6246083074917355,43.521492,-5.624587,2.074640683779352
147614,vo,43.521486453738916,-5.624608047917117,43.521497,-5.624587,2.0592155674560404
147814,vo,43.5214913625642,-5.62460779160225,43.521502,-5.624587,2.048094582037336
148014,vo,43.521496277105726,-5.6246075349889075,43.521507,-5.624587,2.0367817559881223
148214,vo,43.5215010829846,-5.624607284049399,43.521513,-5.624587,2.10124182057862
148414,vo,43.52150583713296,-5.624607035811004,43.521519,-5.624586,2.236387607474873
148615,vo,43.52151060233999,-5.62460678699518,43.521524,-5.624586,2.2384930927507063
148815,vo,43.52151542951428,-5.624606534943728,43.521529,-5.624586,2.236247611058711
149015,vo,43.52152036029797,-5.6246062774823,43.521534,-5.624586,2.2261933208067743
149215,vo,43.521524658379434,-5.624606053057491,43.521539,-5.624586,2.2670006776160494
149415,vo,43.521528334204014,-5.624605861123895,43.521543,-5.624586,2.281561482677217
149616,vo,43.52153158634245,-5.624605691313119,43.521547,-5.624586,2.3322040382353473
149816,vo,43.52153451393793,-5.62460553844839,43.52155,-5.624586,2.3297836047227096
150016,anchor,43.521537242904046,-5.624605395955115,43.521554,-5.624586,2.4283516047981903
150216,vo,43.52154109437668,-5.624605779048338,43.521557,-5.624586,2.377278045935977
150416,vo,43.52154503986817,-5.624606171493305,43.52156,-5.624586,2.322380715639439
150617,vo,43.521548568759215,-5.624606522500405,43.521563,-5.624586,2.3009691609772096
150817,vo,43.5215515249214,-5.624606816540063,43.521565,-5.624586,2.245983896609103
151017,vo,43.52155340054148,-5.6246070031017785,43.521566,-5.624585,2.2566097717867684
151217,vo,43.521554435722635,-5.624607106067819,43.521567,-5.624585,2.260708435824891
151417,vo,43.52155460474025,-5.624607122879441,43.521568,-5.624585,2.319786008451882
151618,vo,43.521554433349394,-5.62460710583176,43.521568,-5.624585,2.330977942290091
151818,vo,43.52155445390632,-5.624607107876489,43.521568,-5.624585,2.329630157409586
152018,vo,43.521556131758516,-5.6246072747668885,43.521568,-5.624584,2.2901655993767847
152218,vo,43.5215570942175,-5.624607370499495,43.521568,-5.624585,2.169654145122337
152418,vo,43.5215575088962,-5.6246074117462115,43.521568,-5.624585,2.1471010933545607
152619,vo,43.52155801773399,-5.624607462358621,43.521569,-5.624586,2.1142724659059264
152819,vo,43.521559175306955,-5.624607577498568,43.52157,-5.624586,2.111850970981253
153019,vo,43.52156133554663,-5.624607792370452,43.521572,-5.624586,2.116095205414572
153219,vo,43.52156477912824,-5.624608134892106,43.521575,-5.624587,2.044717879979642
153419,vo,43.52156953439131,-5.624608607882369,43.521579,-5.624587,2.031907296375804
153620,vo,43.52157569253176,-5.624609220412197,43.521584,-5.624588,1.941012549796573
153820,vo,43.521583271425,-5.624609974259598,43.52159,-5.624588,1.9198884813385806
154020,vo,43.5215912470904,-5.624610767572611,43.521596,-5.624589,1.8297315698798828
154220,vo,43.52159888763339,-5.6246115275521085,43.521602,-5.62459,1.7668091957416685
154420,vo,43.52160615345354,-5.624612250259166,43.521608,-5.62459,1.802564066392315
154621,vo,43.52161307317105,-5.624612938540542,43.521614,-5.62459,1.8491350291135806
154821,vo,43.52161987655331,-5.624613615250435,43.52162,-5.624591,1.8203014717128563
155021,anchor,43.52162650162247,-5.624614274224115,43.521625,-5.624592,1.8005329266412609
155221,vo,43.52162873308002,-5.624613969589832,43.521631,-5.624592,1.78609555336562
155421,vo,43.521630935561745,-5.624613668911272,43.521636,-5.624592,1.8324391605575319
155622,vo,43.521633153169724,-5.624613366167705,43.521642,-5.624593,1.9108588355241078
155822,vo,43.52163539660635,-5.624613059898061,43.521647,-5.624593,2.0653656839046466
156022,vo,43.52163758512358,-5.624612761125908,43.521652,-5.624594,2.2000870718028835
156222,vo,43.5216397964982,-5.624612459233307,43.521658,-5.624594,2.5080278917359142
156422,vo,43.52164198898159,-5.6246121599197005,43.521664,-5.624595,2.8065898650101233
156623,vo,43.521644172638595,-5.624611861811055,43.521669,-5.624595,3.0718955183690935
156823,vo,43.521646380365716,-5.624611560416405,43.521674,-5.624596,3.311731033118168
157023,vo,43.52164852927152,-5.624611267051926,43.521679,-5.624596,3.598554204363775
157223,vo,43.52165041090002,-5.62461101017563,43.521684,-5.624597,3.8951865066743467
157423,vo,43.52165203487142,-5.624610788474185,43.521688,-5.624598,4.122691270826772
157624,vo,43.52165349190456,-5.624610589562829,43.521692,-5.624598,4.392865611605963
157824,vo,43.5216548467317,-5.62461040460444,43.521695,-5.624598,4.567471900602616
158024,vo,43.52165613405753,-5.624610228861198,43.521698,-5.624599,4.7341891247423655
158224,vo,43.521657438070406,-5.624610050839874,43.521701,-5.624599,4.916500272500108
158424,vo,43.52165868845311,-5.624609880140039,43.521704,-5.624599,5.105249394476158
158625,vo,43.521659802935446,-5.624609727993057,43.521707,-5.6246,5.297061887120785
158825,vo,43.521660677199804,-5.6246096086401725,43.521709,-5.6246,5.419298119531886
159025,vo,43.52166129269492,-5.624609524613965,43.52171,-5.6246,5.460591146184837
159225,vo,43.52166161349818,-5.624609480818523,43.521711,-5.6246,5.5347583523776125
159425,vo,43.5216617341118,-5.624609464352584,43.521711,-5.6246,5.521315399704937
159626,vo,43.521661775247864,-5.624609458736768,43.521712,-5.6246,5.6266894250896256
159826,vo,43.52166160129117,-5.624609482485,43.521712,-5.624599,5.657521929380024
160026,anchor,43.52166233296858,-5.624609382597811,43.521712,-5.624599,5.5760165276121905
160226,vo,43.52166409826619,-5.624613292562043,43.521712,-5.624599,5.440113268046032
160426,vo,43.521665266358426,-5.624615879773873,43.521713,-5.6246,5.450413571762158
160627,vo,43.521665457776514,-5.6246163037465005,43.521713,-5.624601,5.419034744132999
160827,vo,43.52166592234507,-5.624617332721121,43.521714,-5.624603,5.459882516801216
161027,vo,43.52166689511809,-5.624619487319694,43.521715,-5.624605,5.465477736775932
161227,vo,43.52166832576667,-5.624622656068539,43.521716,-5.624608,5.421724846508616
161427,vo,43.52167015865369,-5.624626715736814,43.521719,-5.624613,5.532645066441885
161628,vo,43.52167257129272,-5.624632059499951,43.521722,-5.624619,5.5863673955766435
161828,vo,43.52167549059257,-5.6246385254680265,43.521726,-5.624625,5.711257136962135
162028,vo,43.52167845352292,-5.624645088073446,43.52173,-5.624632,5.817825209170216
162228,vo,43.52168135780667,-5.624651520782316,43.521734,-5.624639,5.929549435108143
162428,vo,43.52168413420195,-5.62465767023053,43.521737,-5.624645,5.9560577127725605
162629,vo,43.521686780356376,-5.624663531207796,43.521741,-5.624651,6.10231020225456
162829,vo,43.521689325165816,-5.624669167715678,43.521744,-5.624657,6.147418400722631
163029,vo,43.52169184007022,-5.624674737986764,43.521748,-5.624663,6.30493785491724
163229,vo,43.521694324797586,-5.624680241418631,43.521751,-5.624669,6.35568033581617
163429,vo,43.52169680894784,-5.62468574357225,43.521754,-5.624675,6.406830457775674
163630,vo,43.521699294324776,-5.624691248442856,43.521757,-5.624681,6.458224634240348
163830,vo,43.52170174619259,-5.624696679093981,43.521761,-5.624686,6.633098689058526
164030,vo,43.52170421528805,-5.624702147902675,43.521764,-5.624692,6.686179197277676
164230,vo,43.52170673412941,-5.624707726893762,43.521767,-5.624697,6.744997615481627
164430,vo,43.521709013389724,-5.624712775235896,43.52177,-5.624703,6.815082250824144
164631,vo,43.52171101059248,-5.624717198847703,43.521773,-5.624708,6.9205435499813595
164831,vo,43.521712762447855,-5.624721079038659,43.521775,-5.624712,6.946909156644931
165031,vo,43.52171433696946,-5.62472456645241,43.521777,-5.624715,6.998084753426556
165231,vo,43.521715805597374,-5.624727819321836,43.521779,-5.624719,7.050403850466868
165431,vo,43.52171726164627,-5.624731044329936,43.521781,-5.624723,7.104522160486425
165632,vo,43.52171870596697,-5.624734243361205,43.521783,-5.624726,7.167413263908193
165832,vo,43.52172005323155,-5.624737227422531,43.521785,-5.624729,7.239441439107302
166032,vo,43.5217211677151,-5.624739695896282,43.521786,-5.624731,7.230339726300036
166232,vo,43.52172193300348,-5.6247413909363555,43.521787,-5.624733,7.253944384909434
166432,vo,43.52172242043264,-5.624742470545019,43.521788,-5.624734,7.311189258619053
166633,vo,43.52172264870674,-5.624742976150175,43.521788,-5.624735,7.28234585843996
166833,vo,43.52172267547957,-5.6247430354494155,43.521789,-5.624735,7.3903757799243825
167000,vo,43.52172265322453,-5.624742986156631,43.521789,-5.624735,7.392490584155302
167200,vo,43.52172170962032,-5.624740896164171,43.521789,-5.624735,7.4842930930900256
167400,vo,43.52172045627099,-5.6247381201160875,43.521789,-5.624735,7.612497343627418
167600,vo,43.521720605741145,-5.6247384511780805,43.521789,-5.624735,7.596842848760947
167800,vo,43.521720866447836,-5.624739028618303,43.521789,-5.624736,7.56675181643394
168001,vo,43.52172132553144,-5.624740045444275,43.521789,-5.624738,7.513669867322936
168201,vo,43.521722079660314,-5.624741715767127,43.521789,-5.624741,7.428381104647708
168401,vo,43.52172326306274,-5.624744336889559,43.521789,-5.624744,7.296850416882445
168601,vo,43.521724898368646,-5.624747958934673,43.52179,-5.624749,7.226766875904038
168801,vo,43.521727025376414,-5.624752670052075,43.52179,-5.624756,6.995319556170759
169002,vo,43.52172968393574,-5.624758558504988,43.521791,-5.624763,6.815464986680641
169202,vo,43.52173262167931,-5.624765065324146,43.521792,-5.624772,6.6145848840490284
169402,vo,43.52173559608589,-5.624771653348307,43.521793,-5.624781,6.416090123051488
169602,vo,43.52173843174495,-5.624777934060088,43.521794,-5.624789,6.232050854507985
169802,vo,43.52174113096296,-5.624783912568075,43.521795,-5.624797,6.071538263115924
170003,vo,43.52174369253036,-5.624789586193215,43.521796,-5.624804,5.920898537126961
170203,vo,43.521746189793085,-5.624795117389704,43.521797,-5.624812,5.801317671913816
170403,vo,43.52174873651071,-5.624800758124022,43.521798,-5.624819,5.661931215630178
170603,vo,43.5217513176378,-5.624806475072002,43.521799,-5.624827,5.544566988735392
170803,vo,43.52175362725643,-5.624811590654879,43.5218,-5.624833,5.428151468440518
171004,vo,43.52175563499485,-5.624816037602157,43.5218,-5.624838,5.232170664658221
171204,vo,43.52175738835009,-5.624819921115181,43.521801,-5.624843,5.18505351953573
171404,vo,43.52175900883145,-5.624823510325374,43.521802,-5.624848,5.163085794265977
171604,vo,43.52176052992677,-5.624826879405052,43.521802,-5.624853,5.0605586287723705
171804,vo,43.521762017921944,-5.6248301751710725,43.521803,-5.624857,5.035379809416696
172005,vo,43.52176349239267,-5.624833440981763,43.521803,-5.624861,4.914413554418283
172205,vo,43.52176485195072,-5.6248364522719285,43.521804,-5.624865,4.915523956323843
172405,vo,43.52176597151045,-5.624838931988931,43.521804,-5.624868,4.82617756783695
172605,vo,43.52176678820058,-5.624840740878934,43.521804,-5.62487,4.754692555136083
172805,vo,43.521767399673664,-5.624842095232933,43.521804,-5.624871,4.681611195552401
173006,vo,43.521767715964735,-5.624842795787203,43.521804,-5.624872,4.663279512303051
173206,vo,43.52176777701133,-5.624842930999527,43.521805,-5.624872,4.748212645460458
173406,vo,43.521767735145225,-5.624842838270142,43.521805,-5.624872,4.755935982654691
173606,vo,43.521768099990275,-5.624843646366801,43.521805,-5.624872,4.688756966664106
173806,vo,43.52176872665419,-5.6248450343670235,43.521805,-5.624872,4.574061874279338
174007,vo,43.521769120725956,-5.624845907198057,43.521805,-5.624873,4.540512105661743
174207,vo,43.521769531683454,-5.624846817429342,43.521805,-5.624874,4.504059470411037
174407,vo,43.521770118865255,-5.624848117980492,43.521805,-5.624876,4.4751653740755835
174607,vo,43.521770934026996,-5.624849923485259,43.521805,-5.624879,4.446952326626831
174807,vo,43.521772204336784,-5.624852737099126,43.521805,-5.624882,4.335820921424076
175008,vo,43.52177390024225,-5.624856493366436,43.521805,-5.624887,4.236249129996297
175208,vo,43.5217761129587,-5.624861394320303,43.521805,-5.624894,4.143501176705808
175408,vo,43.521778853462806,-5.62486746427303,43.521805,-5.624902,4.018686447534277
175608,vo,43.52178180671516,-5.624874005442641,43.521806,-5.624911,4.0097079982574435
175808,vo,43.52178476354284,-5.62488055453123,43.521807,-5.624919,3.958209191747929
176009,vo,43.52178758184571,-5.624886796800723,43.521807,-5.624927,3.888002538788229
176209,vo,43.52179030053234,-5.624892818429824,43.521808,-5.624935,3.922554610713571
176409,vo,43.52179293133756,-5.624898645410086,43.521808,-5.624943,3.9423953831299348
176609,vo,43.52179563986566,-5.624904644539017,43.521809,-5.62495,3.9402666794139583
176809,vo,43.52179838611246,-5.624910727211249,43.521809,-5.624957,3.9062795712538056
177010,vo,43.521801015112445,-5.624916550193079,43.52181,-5.624965,4.025114759057701
177210,vo,43.52180365247369,-5.624922391694311,43.52181,-5.624972,4.054534695737159
177410,vo,43.521806355549394,-5.6249283787467155,43.52181,-5.62498,4.174510852125288
177610,vo,43.52180908921118,-5.62493443354435,43.521811,-5.624988,4.316641960760468
177810,vo,43.52181184764594,-5.624940543211744,43.521811,-5.624995,4.384098485692707
178011,vo,43.52181459645565,-5.624946631560567,43.521812,-5.625002,4.465774811615361
178211,vo,43.52181742396176,-5.624952894214348,43.521813,-5.625009,4.542433215657936
178411,vo,43.52182005030712,-5.62495871131643,43.521813,-5.625016,4.676959407221184
178611,vo,43.521822398101435,-5.624963911454778,43.521813,-5.625022,4.790365764872798
178811,vo,43.521824506373044,-5.62496858107339,43.521813,-5.625026,4.794742341396566
179012,vo,43.521826380402324,-5.624972731867804,43.521814,-5.625031,4.8870464559835485
179212,vo,43.521828149448496,-5.624976650134741,43.521814,-5.625036,5.028490070295261
179412,vo,43.52182984161512,-5.624980398120881,43.521815,-5.625041,5.14838436510414
179612,vo,43.52183150562787,-5.6249840837489,43.521815,-5.625045,5.234121978143058
179812,vo,43.52183305416041,-5.6249875135993594,43.521815,-5.625049,5.339243100406526
180013,vo,43.521834401804625,-5.624990498501532,43.521815,-5.625052,5.39828463331349
180213,vo,43.521835370084034,-5.624992643147201,43.521815,-5.625054,5.431467409674867
180413,vo,43.521836018719995,-5.624994079813394,43.521815,-5.625056,5.502862809132058
180613,vo,43.521836410566934,-5.624994947716625,43.521816,-5.625056,5.411067960256722
180813,vo,43.52183646762065,-5.624995074085132,43.521816,-5.625056,5.404492149507388
181014,vo,43.52183640379829,-5.6249949327247375,43.521816,-5.625056,5.411849319677997
181214,vo,43.521835131574505,-5.624992114871557,43.521817,-5.625056,5.521797009391616
181414,vo,43.521834583770264,-5.624990901537902,43.521817,-5.625056,5.591334862721938
181614,vo,43.52183325631306,-5.6249879613480225,43.521816,-5.625057,5.877616185688661
181814,vo,43.52183258969722,-5.624986484858117,43.521816,-5.625057,5.966843387662366
182015,vo,43.52183240502699,-5.624986075831341,43.521816,-5.625059,6.145461204827745
182215,vo,43.52183270197154,-5.624986733534924,43.521817,-5.625061,6.226435315841162
182415,vo,43.52183373362207,-5.624989018541503,43.521818,-5.625064,6.2826789376856516
182615,vo,43.521835290900746,-5.624992467763835,43.521819,-5.625068,6.3426322408261075
182815,vo,43.521837468915564,-5.624997291856945,43.521822,-5.625073,6.330851056441972
183016,vo,43.52184022881498,-5.625003404768399,43.521824,-5.62508,6.422748709290112
183216,vo,43.521843449820246,-5.625010538984917,43.521827,-5.625087,6.4193146963744265
183416,vo,43.521846861577245,-5.62501809569816,43.521831,-5.625095,6.435357998022047
183616,vo,43.521850208256545,-5.625025508270581,43.521834,-5.625102,6.414111444935212
183816,vo,43.52185340727363,-5.625032593785389,43.521837,-5.625109,6.4137426674279805
184017,vo,43.521856430025935,-5.625039288890694,43.521839,-5.625116,6.470310755655566
184217,vo,43.52185936642352,-5.625045792728611,43.521842,-5.625123,6.506333952942483
184417,vo,43.52186224319117,-5.625052164491961,43.521845,-5.62513,6.550635877695273
184617,vo,43.521865165741346,-5.6250586376591825,43.521848,-5.625136,6.51170224327482
184817,vo,43.521868008073206,-5.625064933150582,43.52185,-5.625142,6.517030989231947
185018,vo,43.52187048886679,-5.625070427869496,43.521852,-5.625147,6.495805998298814
185218,vo,43.52187266995925,-5.625075258779276,43.521854,-5.625152,6.515085831127963
185418,vo,43.52187457487346,-5.625079477980835,43.521856,-5.625157,6.571377230565341
185618,vo,43.521876327030405,-5.625083358839762,43.521858,-5.625161,6.571915103586592
185818,vo,43.521877962795735,-5.625086981902466,43.52186,-5.625165,6.588422279179317
186019,vo,43.521879545646456,-5.625090487764399,43.521861,-5.625168,6.5696117732108545
186219,vo,43.52188110215065,-5.625093935271325,43.521863,-5.625171,6.5200778486073565
186419,vo,43.52188251615882,-5.625097067163254,43.521864,-5.625175,6.6007483110366385
186619,vo,43.52188363956436,-5.625099555398362,43.521865,-5.625177,6.567718708887598
186819,vo,43.52188442148261,-5.625101287272004,43.521866,-5.625178,6.504187006361494
187020,vo,43.52188488952357,-5.625102323937658,43.521866,-5.62518,6.594171976762192
187220,vo,43.52188517430097,-5.62510295469218,43.521867,-5.62518,6.521063527936421
187420,vo,43.521885215391706,-5.625103045704193,43.521867,-5.62518,6.515511902330951
187620,vo,43.52188517898291,-5.625102965062223,43.521867,-5.62518,6.520430629775338
187820,vo,43.52188267572722,-5.625097420591903,43.521868,-5.62518,6.843315101047022
188021,vo,43.521877944196966,-5.625086940707978,43.521868,-5.62518,7.570995589367706
188221,vo,43.52187626207389,-5.625083214967326,43.521867,-5.625181,7.937325745980648
188421,vo,43.52187539211187,-5.625081288085226,43.521867,-5.625181,8.079431685996918
188621,vo,43.52187506196056,-5.625080556831857,43.521868,-5.625182,8.202437639925755
188821,vo,43.52187543670036,-5.625081386844442,43.521869,-5.625184,8.289910811835268
189022,vo,43.521876527172964,-5.625083802136257,43.521871,-5.625186,8.248486683288146
189222,vo,43.52187833353859,-5.625087803062174,43.521874,-5.625189,8.159267779859118
189422,vo,43.52188075764946,-5.625093172234351,43.521879,-5.625193,8.03724284881236
189622,vo,43.52188378176035,-5.625099870348786,43.521883,-5.625197,7.818191467681599
189822,vo,43.52188707159514,-5.625107157016076,43.521889,-5.625202,7.636661800630044
190023,vo,43.521890521579834,-5.625114798399987,43.521894,-5.625207,7.431100046181227
190223,vo,43.52189387977953,-5.625122236488967,43.521899,-5.625211,7.16691013182889
190423,vo,43.52189704262401,-5.625129241884935,43.521904,-5.625216,7.025504099170077
190623,vo,43.52190000975862,-5.625135813802391,43.521909,-5.62522,6.849011839203749
190823,vo,43.52190294629082,-5.6251423179384705,43.521913,-5.625224,6.668412248789741
191024,vo,43.52190583434526,-5.625148714700967,43.521918,-5.625229,6.601539694159551
191224,vo,43.52190868562516,-5.625155030011404,43.521922,-5.625233,6.447268292067856
191424,vo,43.52191150546363,-5.625161275682094,43.521927,-5.625237,6.332865695003183
191624,vo,43.52191433000452,-5.625167531768205,43.521931,-5.625241,6.196007514633728
191824,vo,43.52191713259503,-5.625173739236321,43.521936,-5.625246,6.181644427198748
192025,vo,43.521919953689306,-5.625179987688506,43.52194,-5.625249,5.9837268346951324
192225,vo,43.52192280368916,-5.625186300163762,43.521944,-5.625254,5.935230679701936
192425,vo,43.521925637463696,-5.625192576701511,43.521949,-5.625258,5.869663864722754
192625,vo,43.52192846060651,-5.625198829691015,43.521954,-5.625262,5.8213130864656915
192825,vo,43.521931279454314,-5.625205073167471,43.521958,-5.625266,5.7310235516004875
193026,vo,43.52193411438564,-5.625211352267389,43.521962,-5.62527,5.6447351207192416
193226,vo,43.521936935098,-5.625217599873671,43.521967,-5.625274,5.63417367882849
193426,vo,43.52193976043738,-5.6252238577283435,43.521971,-5.625279,5.632251025249066
193626,vo,43.52194257111483,-5.625230083108264,43.521976,-5.625283,5.648789901202964
193826,vo,43.52194539619507,-5.625236340388985,43.52198,-5.625287,5.601702303528144
194027,vo,43.52194819227201,-5.625242533430188,43.521985,-5.625291,5.648887729019376
194227,vo,43.52195070435367,-5.625248097449175,43.521989,-5.625294,5.631987465063663
194427,vo,43.521952853517675,-5.625252857640503,43.521992,-5.625298,5.664163940681593
194627,vo,43.521954760099824,-5.625257080536377,43.521995,-5.625301,5.6961990626895
194827,vo,43.52195652235212,-5.625260983755536,43.521998,-5.625303,5.712561728102742
195028,vo,43.521958152909114,-5.625264595282277,43.522,-5.625306,5.716831973230821
195228,vo,43.521959759218674,-5.625268153103285,43.522003,-5.625308,5.7726325617235394
195428,vo,43.52196130828592,-5.625271584138064,43.522005,-5.625311,5.795252415497597
195628,vo,43.52196269876025,-5.625274663904829,43.522008,-5.625313,5.899652193154766
195828,vo,43.52196384769279,-5.625277208679779,43.52201,-5.625314,5.917182739280706
196029,vo,43.5219646145013,-5.625278907086792,43.522011,-5.625315,5.911782147060108
196229,vo,43.52196508345194,-5.6252799457673035,43.522012,-5.625316,5.961675106836301
196429,vo,43.52196527385064,-5.625280367482089,43.522012,-5.625316,5.926723292312476
196629,vo,43.521965322898225,-5.625280476117777,43.522013,-5.625316,6.015152919261205
196829,vo,43.52196536755228,-5.625280575022208,43.522013,-5.625316,6.007009948345049
197030,vo,43.52196765560264,-5.625285642833442,43.522013,-5.625316,5.594944916792988
197230,vo,43.521969621546354,-5.625289997209479,43.522013,-5.625316,5.250190553699864
197430,vo,43.52197191324452,-5.625295073100251,43.522013,-5.625317,4.890192834418063
197630,vo,43.52197457842293,-5.625300976213804,43.522013,-5.625318,4.479499532888777
197830,vo,43.5219726869063,-5.6252967866866035,43.522013,-5.625321,4.880725324994522
198031,vo,43.521972388180416,-5.62529612503753,43.522013,-5.625324,5.035365961466728
198231,vo,43.521973280534816,-5.6252981015165915,43.522013,-5.625328,5.022850759047738
198431,vo,43.52197512431866,-5.625302185320272,43.522012,-5.625333,4.785981571642612
198631,vo,43.521977619141026,-5.625307711111605,43.522012,-5.62534,4.617135208705581
198831,vo,43.52198056416508,-5.6253142340562965,43.522012,-5.625348,4.422871429327653
199032,vo,43.52198361151266,-5.62532098363777,43.522011,-5.625357,4.200679533977688
199232,vo,43.52198659057496,-5.625327581973926,43.522011,-5.625365,4.051082186506713
199432,vo,43.52198949931536,-5.625334024553843,43.522011,-5.625373,3.9416578954209425
199632,vo,43.52199222389906,-5.625340059244395,43.522011,-5.625381,3.8989814452028098
199832,vo,43.52199491187889,-5.625346012860888,43.52201,-5.625389,3.843943321274597
200033,vo,43.52199765622304,-5.625352091318939,43.52201,-5.625396,3.7903964265410757
200233,vo,43.5220004395393,-5.625358256096453,43.52201,-5.625403,3.7544124600625213
200400,vo,43.52200250155536,-5.6253628232634805,43.52201,-5.625411,3.9659339509511597
200600,vo,43.522004634641604,-5.625367547844118,43.52201,-5.625417,4.0245743232863855
200800,vo,43.522006473874576,-5.625371621568067,43.522009,-5.625422,4.0645024546707615
201000,vo,43.52200810921444,-5.625375243688396,43.522009,-5.625426,4.086429763583652
201201,vo,43.522009645360846,-5.625378646104765,43.522009,-5.625431,4.214427235274883
201401,vo,43.522011168587944,-5.6253820199061195,43.522009,-5.625436,4.351369659580807
201601,vo,43.52201266948485,-5.625385344248254,43.522009,-5.62544,4.417904724818006
201801,vo,43.522014058024055,-5.625388419728896,43.522009,-5.625443,4.428744749103505
202001,vo,43.52201515302839,-5.62539084505806,43.522009,-5.625446,4.4914985982215505
202202,vo,43.52201587277686,-5.625392439231621,43.522009,-5.625448,4.536534650794979
202402,vo,43.52201638120479,-5.62539356535054,43.522009,-5.625449,4.536381014711921
202602,vo,43.52201645167347,-5.625393721431883,43.522009,-5.625449,4.525448754933271
202802,vo,43.522016330134385,-5.625393452234503,43.52201,-5.625449,4.525761086827928
203002,vo,43.52201581820924,-5.625392318369592,43.52201,-5.625449,4.607630345975187
203203,vo,43.522013578605616,-5.625387357863217,43.52201,-5.625449,4.977278980293029
203403,vo,43.522013266103066,-5.62538666570015,43.52201,-5.62545,5.1104757387186535
203603,vo,43.52201333250452,-5.625386812772984,43.522009,-5.625451,5.188584845212113
203803,vo,43.52201359151381,-5.625387386453622,43.522009,-5.625452,5.225477066847628
204003,vo,43.522014102544475,-5.625388518337338,43.522009,-5.625455,5.380814432220625
204204,vo,43.5220149614241,-5.625390420673,43.522009,-5.625458,5.479373772823018
204404,vo,43.52201636122214,-5.625393521090895,43.52201,-5.625462,5.55672005408303
204604,vo,43.52201830919981,-5.625397835673852,43.522011,-5.625468,5.7053112908775505
204804,vo,43.5220207496954,-5.6254032411366,43.522012,-5.625475,5.856758532828837
205004,vo,43.52202346266969,-5.625409250113413,43.522013,-5.625483,6.048463555929554
205205,vo,43.52202638858274,-5.6254157307290935,43.522015,-5.625492,6.267508386852129
205405,vo,43.52202931929229,-5.625422221968553,43.522017,-5.6255,6.407744303204734
205605,vo,43.52203215731579,-5.625428507917359,43.522018,-5.625508,6.588254797053936
205805,vo,43.522034838383945,-5.62543444622516,43.522019,-5.625515,6.717674744378961
206005,vo,43.52203738729481,-5.625440091817287,43.522021,-5.625522,6.838900222509844
206206,vo,43.522039886021574,-5.625445626256474,43.522022,-5.62553,7.075263574882791
206406,vo,43.52204235047854,-5.625451084791365,43.522023,-5.625537,7.240975126664703
206606,vo,43.52204484575206,-5.625456611581952,43.522025,-5.625544,7.370540375241905
206806,vo,43.52204733859126,-5.6254621329807435,43.522026,-5.625552,7.61108011602844
207006,vo,43.52204983856415,-5.62546767017998,43.522027,-5.625559,7.775735253931586
207207,vo,43.52205233221446,-5.62547319337531,43.522028,-5.625566,7.943034008362118
207407,vo,43.52205477745856,-5.625478609355538,43.52203,-5.625574,8.155462622873412
207607,vo,43.52205721568483,-5.625484009791966,43.522031,-5.625581,8.331187715511273
207807,vo,43.52205980404538,-5.625489742761345,43.522032,-5.625588,8.48931478127061
208007,vo,43.52206220324397,-5.625495056755208,43.522034,-5.625594,8.556886590810715
208208,vo,43.52206425572955,-5.625499602813146,43.522035,-5.6256,8.708787724207799
208408,vo,43.52206605760469,-5.6255035937930735,43.522036,-5.625605,8.817488474231792
208608,vo,43.52206767118392,-5.625507167715704,43.522036,-5.62561,8.992339097702006
208808,vo,43.52206912158666,-5.625510380218118,43.522037,-5.625614,9.070248003332352
209008,vo,43.52207052910684,-5.625513497739793,43.522038,-5.625618,9.153349935935534
209209,vo,43.52207195197981,-5.6255166492664115,43.522039,-5.625623,9.30859253470329
209409,vo,43.52207333824905,-5.625519719719299,43.52204,-5.625626,9.320318467706125
209609,vo,43.52207459124549,-5.625522494985773,43.52204,-5.62563,9.466426253670717
209809,vo,43.52207548232104,-5.625524468632317,43.522041,-5.625632,9.463468409414716
210009,vo,43.52207602805124,-5.625525677372155,43.522041,-5.625633,9.472807434809377
210210,vo,43.522076440503554,-5.625526590914317,43.522041,-5.625634,9.498023929594085
210410,vo,43.52207643603563,-5.625526581018307,43.522041,-5.625634,9.498543525096826
210610,vo,43.522076257982754,-5.625526186648324,43.522042,-5.625634,9.47420752893487
210810,vo,43.522075202534715,-5.625523848932536,43.522042,-5.625633,9.526990410960273
211010,vo,43.52207621022262,-5.625526080864231,43.522042,-5.625634,9.479881699039764
211211,vo,43.522076629645,-5.6255270098444115,43.522042,-5.625634,9.430299826735482
211411,vo,43.52207646999008,-5.625526656224143,43.522042,-5.625634,9.449107262928443
211611,vo,43.52207554205472,-5.6255246009366715,43.522043,-5.625634,9.517333845601241
211811,vo,43.52207489096814,-5.625523158842588,43.522044,-5.625633,9.48246366020754
212011,vo,43.522075395047956,-5.625524275330833,43.522047,-5.625633,9.301241110309213
212212,vo,43.52207644216446,-5.625526594593065,43.52205,-5.625631,8.90112521629176
212412,vo,43.52207861338977,-5.62553140364807,43.522054,-5.625629,8.316806220956963
212612,vo,43.522081359854376,-5.625537486802719,43.522059,-5.625626,7.544129639324389
212812,vo,43.5220842879431,-5.625543972237308,43.522065,-5.625623,6.711366639251047
213012,vo,43.5220872197088,-5.6255504658160405,43.522071,-5.62562,5.879064031693157
213213,vo,43.52209005248939,-5.6255567401522715,43.522077,-5.625617,5.061913107661174
213413,vo,43.52209281195756,-5.62556285210858,43.522082,-5.625614,4.288111387248288
213613,vo,43.52209540095372,-5.625568586485765,43.522088,-5.625611,3.511195807100695
213813,vo,43.5220979703268,-5.625574277399741,43.522093,-5.625609,2.8486566943905514
214013,vo,43.52210048106107,-5.625579838434398,43.522098,-5.625606,2.123601135450397
214214,vo,43.52210297228776,-5.62558535626165,43.522103,-5.625604,1.500583092049976
214414,vo,43.52210548625698,-5.625590924461419,43.522108,-5.625601,0.8576106376763545
214614,vo,43.522107970775295,-5.6255964274302555,43.522113,-5.625598,0.5724130041576723
214814,vo,43.52211044683034,-5.62560191165376,43.522118,-5.625596,0.9640094936284036
215014,anchor,43.52211293432316,-5.6256074212108444,43.522123,-5.625593,1.611089604159873
215215,vo,43.52211819700609,-5.62560445742584,43.522128,-5.62559,1.5931350643327586
215415,vo,43.522123385659455,-5.625601535332059,43.522134,-5.625587,1.6603660309845467
215615,vo,43.52212868249924,-5.625598552310934,43.522139,-5.625585,1.5815792486532403
215815,vo,43.522133950729554,-5.625595585401804,43.522144,-5.625582,1.5620181607734074
216015,vo,43.522139159753316,-5.625592651836029,43.522149,-5.62558,1.4933185173032195
216216,vo,43.52214436320932,-5.6255897214058495,43.522154,-5.625577,1.4807466590901983
216416,vo,43.522149488143796,-5.625586835196635,43.522159,-5.625574,1.4771505714673054
216616,vo,43.52215468553143,-5.625583908183973,43.522164,-5.625571,1.4657284320054014
216816,vo,43.52215986383424,-5.625580991919318,43.522169,-5.625569,1.4000094225308768
217016,vo,43.52216503944577,-5.62557807717031,43.522174,-5.625566,1.390741814575074
217217,vo,43.522170106016695,-5.625575223829691,43.522179,-5.625563,1.3937739852417772
217417,vo,43.52217509650053,-5.625572413339039,43.522184,-5.625561,1.3492909172334349
217617,vo,43.5221801238375,-5.62556958209381,43.522189,-5.625558,1.3563688119395823
217817,vo,43.522185366975755,-5.62556662931578,43.522194,-5.625556,1.284597100273536
218017,vo,43.52218997754947,-5.625564032779098,43.522198,-5.625554,1.2021001604729722
218218,vo,43.52219396522719,-5.625561787038743,43.522202,-5.625552,1.1899288027328585
218418,vo,43.52219744926334,-5.625559824934196,43.522206,-5.625549,1.288392481605731
218618,vo,43.52220071942494,-5.625557983277372,43.522209,-5.625548,1.2208501898450272
218818,vo,43.52220383017006,-5.625556231399127,43.522212,-5.625546,1.2249576079851612
219018,vo,43.5222069360196,-5.62555448227792,43.522215,-5.625545,1.176299526099107
219219,vo,43.522209928010014,-5.625552797278757,43.522218,-5.625543,1.1935724439910183
219419,vo,43.52221263759757,-5.625551271320403,43.522221,-5.625542,1.1909865744234207
219619,vo,43.522215026341435,-5.625549926051585,43.522223,-5.625541,1.1399569546711692
219819,vo,43.52221673455629,-5.6255489640362715,43.522224,-5.62554,1.0820947029060533
220019,anchor,43.522217750180815,-5.6255483920670315,43.522225,-5.62554,1.0506307895831541
220220,vo,43.52221695192301,-5.625550060018557,43.522226,-5.625539,1.342059715227215
220420,vo,43.52221692855951,-5.625550108836368,43.522226,-5.625539,1.3466072432619505
220620,vo,43.52221691882308,-5.6255501291805325,43.522226,-5.625539,1.3485026896598888
220820,vo,43.52221500683189,-5.625554124266593,43.522226,-5.625539,1.7236073595277495
221020,vo,43.52221395363028,-5.6255563249206215,43.522226,-5.625538,1.990813923956361
221221,vo,43.52220578834791,-5.625573386194762,43.522227,-5.625538,3.6953291342489205
221421,vo,43.52220020583506,-5.62558505079837,43.522227,-5.625537,4.878814434722499
221621,vo,43.522195953988124,-5.625593934989143,43.522227,-5.625536,5.7982152961737645
221821,vo,43.52219331305867,-5.625599453184275,43.522227,-5.625534,6.460273150897258
222021,vo,43.522190347046845,-5.625605650635703,43.522227,-5.625531,7.256264080531592
222222,vo,43.522186389909436,-5.625613919033926,43.522227,-5.625527,8.322342066275867
222422,vo,43.52218118065138,-5.625624803725462,43.522227,-5.625521,9.78111602087673
222622,vo,43.522174263302716,-5.625639257454877,43.522228,-5.625513,11.783302973975905
222822,vo,43.522166169193646,-5.62565617001314,43.522229,-5.625505,14.024287965382168
223022,vo,43.52215773388396,-5.6256737955066205,43.52223,-5.625496,16.405096557325646
223223,vo,43.522149480935376,-5.625691039958434,43.52223,-5.625488,18.626428305492787
223423,vo,43.52214128295662,-5.625708169551355,43.522231,-5.62548,20.891010168880488
223623,vo,43.522133273756225,-5.6257249046938105,43.522232,-5.625472,23.11791940359642
223823,vo,43.52212543115435,-5.625741291730359,43.522232,-5.625465,25.18831571978791
224023,vo,43.52211764508022,-5.625757560652765,43.522233,-5.625457,27.370905829342334
224224,vo,43.52210995138847,-5.6257736365431406,43.522233,-5.62545,29.41217843376005
224424,vo,43.522102207542666,-5.625789817229891,43.522234,-5.625442,31.586571016289298
224624,vo,43.52209451097759,-5.625805899124053,43.522235,-5.625435,33.68018038059594
224824,vo,43.52208685566496,-5.625821894821631,43.522235,-5.625428,35.71427775329003
