original_frame_idx,extracted_15hz_idx,time_sec,success,reason,frame_keypoints,satellite_keypoints,good_matches,inliers,inlier_ratio,sat_px,sat_py,estimated_lat,estimated_lon,runtime_sec,frame,latitude,longitude,error_m
0,0,0.0,True,success,20986,2935,1773,9,0.0050761421319796,312.8894348144531,591.8530883789062,43.52196345061943,-5.6247007149579815,0.3127670288085937,1,43.521958,-5.624292,32.95969054179261
30,15,1.001,True,success,19663,2935,1805,14,0.0077562326869806,690.8699340820312,1019.1685180664062,43.52152020374834,-5.624160009516601,0.4062421321868896,31,43.521958,-5.624291,49.81325624936779
60,30,2.002,True,success,19021,2935,1756,16,0.0091116173120728,687.764404296875,1005.790771484375,43.521534080301834,-5.624164452012593,0.3491520881652832,61,43.521957,-5.624292,48.13788306630754
90,45,3.003,True,success,19219,2935,1787,15,0.0083939563514269,675.5861206054688,1016.4630126953124,43.521523010132306,-5.624181873187155,0.3144218921661377,91,43.521957,-5.624292,49.06757962822355
180,90,6.006,True,success,8264,2935,637,9,0.0141287284144427,312.53656005859375,591.8126220703125,43.521963492594274,-5.624701219749369,0.1741538047790527,181,43.521959,-5.624292,32.998599428300466
240,120,8.008000000000001,True,success,7001,2935,566,8,0.0141342756183745,1091.049560546875,345.86883544921875,43.522218604334434,-5.623587547969038,0.1519701480865478,241,43.521958,-5.624291,63.69203992458747
270,135,9.009,True,success,5821,2935,472,11,0.0233050847457627,37.55168914794922,295.1732482910156,43.52227118954773,-5.6250945887625505,0.1388218402862548,271,43.521958,-5.624291,73.55814063155744
300,150,10.01,True,success,4841,2935,434,11,0.0253456221198156,981.1304931640624,2891.80810546875,43.51957770883374,-5.623744788456207,0.1281960010528564,301,43.521958,-5.62429,268.3022020655999
330,165,11.011,True,success,4702,2935,455,13,0.0285714285714285,142.7124786376953,67.25238037109375,43.52250760536652,-5.6249441550465065,0.1321268081665039,331,43.521958,-5.624291,80.67343738282092
390,195,13.013,True,success,5333,2935,546,22,0.0402930402930402,146.91065979003906,70.26237487792969,43.52250448319108,-5.6249381495001955,0.1359808444976806,391,43.521959,-5.624291,80.01014550339742
420,210,14.014,True,success,5938,2935,579,22,0.0379965457685664,537.1525268554688,1135.1248779296875,43.521399923669144,-5.6243799040314855,0.1428470611572265,421,43.521962,-5.62428,63.01698305505999
480,240,16.016000000000002,True,success,5899,2935,546,31,0.0567765567765567,539.6791381835938,1135.955078125,43.521399062512,-5.624376289684989,0.1391541957855224,481,43.522,-5.624166,68.93881071824899
510,255,17.017,True,success,6390,2935,635,20,0.0314960629921259,144.02137756347656,73.07073974609375,43.52250157015973,-5.624942282651574,0.1431901454925537,511,43.522021,-5.624096,86.66846087384098
540,270,18.018,True,success,6310,2935,649,27,0.0416024653312788,539.2432861328125,1130.6219482421875,43.521404594506144,-5.624376913176377,0.1423139572143554,541,43.522041,-5.624026,76.21174735212283
630,315,21.021,True,success,6103,2935,578,19,0.0328719723183391,539.1849975585938,1130.5755615234375,43.52140464262256,-5.624376996558823,0.1410932540893554,631,43.522079,-5.623902,84.1994022333235
660,330,22.022,True,success,6146,2935,601,17,0.0282861896838602,143.5801544189453,67.37979125976562,43.522507473207106,-5.624942913826345,0.1422059535980224,661,43.522081,-5.623898,96.67879012862196
690,345,23.023,True,success,6040,2935,583,21,0.0360205831903945,536.6098022460938,1128.708740234375,43.521406579054634,-5.624380680405267,0.1392366886138916,691,43.522081,-5.623897,84.52644764146324
720,360,24.024,True,success,6078,2935,575,28,0.048695652173913,539.2620849609375,1130.534912109375,43.521404684787726,-5.624376886284409,0.1414670944213867,721,43.522087,-5.623876,85.94926915374434
750,375,25.025,True,success,6063,2935,620,21,0.0338709677419354,143.4305877685547,67.77136993408203,43.52250706703448,-5.624943127783155,0.1419129371643066,751,43.522098,-5.623837,100.11475034514041
780,390,26.026,True,success,5852,2935,577,14,0.024263431542461,143.41026306152344,68.39654541015625,43.522506418559075,-5.624943156857881,0.1393280029296875,781,43.522108,-5.623802,102.11953878942978
810,405,27.027,True,success,5747,2935,612,16,0.0261437908496732,-2.510650396347046,144.4071502685547,43.52242757502695,-5.625151898398968,0.1369431018829345,811,43.522119,-5.623767,116.81472723263961
840,420,28.028,True,success,5960,2935,639,17,0.0266040688575899,143.59840393066406,68.29153442382812,43.52250652748376,-5.624942887720209,0.139862060546875,841,43.522129,-5.623732,106.2740792291485
960,480,32.032000000000004,True,success,5984,2935,676,16,0.0236686390532544,143.67079162597656,66.9913101196289,43.52250787616672,-5.6249427841687805,0.1406011581420898,961,43.522169,-5.623595,115.01692666599094
990,495,33.033,True,success,5689,2935,674,17,0.0252225519287833,143.8311309814453,67.7679672241211,43.52250707056403,-5.624942554801493,0.1365578174591064,991,43.522178,-5.62356,117.32466170065094
1020,510,34.034,True,success,5142,2935,630,19,0.0301587301587301,325.2398986816406,347.2543029785156,43.522217167224376,-5.624683047477703,0.1306920051574707,1021,43.522188,-5.623525,93.42769026559874
1050,525,35.035000000000004,True,success,4837,2935,574,13,0.0226480836236933,28.188201904296875,302.64697265625,43.52226343725083,-5.625107983338495,0.1296451091766357,1051,43.522198,-5.623491,130.57741960533798
1080,540,36.036,True,success,4639,2935,578,23,0.0397923875432525,146.94898986816406,77.1297607421875,43.52249735986066,-5.624938094668579,0.135282278060913,1081,43.522208,-5.623456,123.75432523984148
1140,570,38.038,True,success,4485,2935,525,36,0.0685714285714285,23.459383010864254,294.9206848144531,43.52227145152513,-5.625114747968183,0.1676743030548095,1141,43.522222,-5.623407,137.80243923542034
1170,585,39.039,True,success,4107,2935,515,18,0.0349514563106796,322.4048156738281,341.173095703125,43.522223475104994,-5.624687103096477,0.1230368614196777,1171,43.522224,-5.6234,103.77689331268165
1200,600,40.04,True,success,4179,2935,516,26,0.0503875968992248,23.772863388061523,295.1036376953125,43.522271261752955,-5.625114299530907,0.1216640472412109,1201,43.522223,-5.623398,138.48619950301918
1230,615,41.041,True,success,4145,2935,489,27,0.0552147239263803,347.74365234375,293.1079406738281,43.522273331836594,-5.624650855599867,0.1215631961822509,1231,43.522212,-5.623386,102.2108394243169
1260,630,42.042,True,success,4445,2935,566,59,0.1042402826855123,23.924673080444336,291.7254638671875,43.52227476584313,-5.625114082365428,0.127579927444458,1261,43.52219,-5.623358,141.9032153501668
1290,645,43.043,True,success,4116,2935,509,23,0.0451866404715127,23.56504821777344,294.9615783691406,43.522271409107354,-5.625114596812892,0.1215729713439941,1291,43.52217,-5.623332,144.1693365416884
1320,660,44.044,True,success,4366,2935,515,29,0.0563106796116504,23.507667541503903,294.88446044921875,43.52227148909973,-5.625114678896608,0.1240079402923584,1321,43.52215,-5.623307,146.37473349673883
1350,675,45.045,True,success,4505,2935,508,37,0.0728346456692913,23.65091896057129,294.80340576171875,43.522271573175594,-5.6251144739738095,0.1232452392578125,1351,43.52213,-5.623282,148.5855107571671
1380,690,46.046,True,success,4668,2935,529,9,0.0170132325141776,17.20367431640625,292.82720947265625,43.52227362303164,-5.625123696831253,0.1297760009765625,1381,43.52211,-5.623256,151.68432873689423
1410,705,47.047,True,success,4934,2935,556,17,0.0305755395683453,36.40114212036133,325.9808654785156,43.5222392336136,-5.625096234633276,0.1287369728088379,1411,43.52209,-5.623231,151.30347855296634
1440,720,48.048,True,success,4980,2935,518,41,0.0791505791505791,22.741342544555664,294.85430908203125,43.52227152037493,-5.62511577513331,0.1285851001739502,1441,43.52207,-5.623206,155.6038820289396
1470,735,49.049,True,success,5102,2935,524,17,0.032442748091603,27.97233772277832,298.906982421875,43.52226731664405,-5.6251082921346836,0.1315250396728515,1471,43.52205,-5.623182,157.18231994152842
1500,750,50.05,True,success,5855,2935,626,38,0.060702875399361,23.5356388092041,294.81768798828125,43.52227155836102,-5.625114638883389,0.1489930152893066,1501,43.522037,-5.623165,159.34518670091626
1530,765,51.051,True,success,4995,2935,532,17,0.0319548872180451,32.154571533203125,322.8428039550781,43.52224248864336,-5.625102309401228,0.1302628517150879,1531,43.522028,-5.623154,158.88922054563065
1590,795,53.053,True,success,5591,2935,543,17,0.0313075506445672,346.6740417480469,295.28460693359375,43.52227107403835,-5.624652385690098,0.1427419185638427,1591,43.522022,-5.62315,124.26068427053802
1650,825,55.055,True,success,6245,2935,601,9,0.0149750415973377,345.1251220703125,292.9456481933594,43.5222735001783,-5.62465460143747,0.1426131725311279,1651,43.521972,-5.623129,127.49358788747475
1680,840,56.056,True,success,6312,2935,577,8,0.0138648180242634,972.70947265625,407.9266662597656,43.5221542332991,-5.623756834822672,0.1428949832916259,1681,43.521946,-5.623118,56.47330076136364
1830,915,61.061,True,success,6640,2935,647,8,0.0123647604327666,969.48583984375,405.2393493652344,43.5221570207871,-5.6237614462664,0.1464838981628418,1831,43.521815,-5.623061,68.08738355101133
1860,930,62.062,True,success,6684,2935,639,8,0.0125195618153364,175.6497039794922,47.41912078857422,43.52252817779748,-5.624897037967713,0.147953987121582,1861,43.521793,-5.623052,169.74386105471035
1980,990,66.066,True,success,6014,2935,569,9,0.015817223198594,168.41885375976562,51.48984909057617,43.52252395535663,-5.624907381781924,0.13885498046875,1981,43.521757,-5.623052,172.19763472922673
2130,1065,71.071,True,success,6873,2935,662,9,0.0135951661631419,36.08977127075195,70.48005676269531,43.52250425739629,-5.625096680052877,0.1498780250549316,2131,43.521627,-5.623113,187.3405534107293
2160,1080,72.072,True,success,7123,2935,662,9,0.0135951661631419,25.712465286254883,73.64051055908203,43.52250097915381,-5.625111524908135,0.1518862247467041,2161,43.521601,-5.623125,188.8629563362442
2280,1140,76.07600000000001,True,success,6969,2935,667,9,0.0134932533733133,253.48524475097656,244.42771911621097,43.52232382651867,-5.624785693333507,0.1496341228485107,2281,43.521559,-5.623145,157.265495756138
2370,1185,79.07900000000001,True,success,6466,2935,577,8,0.0138648180242634,870.8963623046875,377.0331726074219,43.522186278355754,-5.623902479645295,0.174793004989624,2371,43.521499,-5.623201,95.07508392648361
2400,1200,80.08,True,success,6350,2935,610,8,0.0131147540983606,175.3835906982422,53.51016616821289,43.52252185974394,-5.624897418645816,0.1456928253173828,2401,43.521476,-5.623222,178.24912118786293
2490,1245,83.083,True,success,5963,2935,563,8,0.0142095914742451,546.101318359375,1103.1895751953125,43.52143304978245,-5.624367102682555,0.1401741504669189,2491,43.52141,-5.623286,87.20625411523243
2730,1365,91.091,True,success,5845,2935,599,8,0.013355592654424,538.3425903320312,1131.9686279296875,43.52140319761087,-5.624378201632027,0.1390948295593261,2731,43.521339,-5.623453,74.93921419733853
2760,1380,92.092,True,success,5689,2935,522,11,0.0210727969348659,823.3525390625,345.9112243652344,43.522218560365495,-5.62397049162999,0.1370937824249267,2761,43.521329,-5.623488,106.28980122688108
2790,1395,93.093,True,success,5531,2935,523,10,0.0191204588910133,542.253662109375,1123.8284912109375,43.52141164128008,-5.624372606798971,0.1348388195037841,2791,43.52132,-5.623523,69.25703920460073
2820,1410,94.094,True,success,5653,2935,521,14,0.0268714011516314,539.2725219726562,1130.5296630859375,43.52140469023247,-5.624376871354144,0.1370155811309814,2821,43.52131,-5.623558,66.85938540489121
2850,1425,95.095,True,success,5540,2935,544,15,0.0275735294117647,543.08251953125,1128.905517578125,43.52140637493978,-5.624371421108918,0.1355538368225097,2851,43.521301,-5.623592,63.927256496127086
2880,1440,96.096,True,success,5673,2935,569,11,0.0193321616871704,538.0814819335938,1128.10302734375,43.521407207353576,-5.624378575150615,0.136915922164917,2881,43.521294,-5.623616,62.761351652676275
2910,1455,97.097,True,success,5501,2935,551,11,0.0199637023593466,632.7034301757812,797.6002807617188,43.521750033037904,-5.6242432173678765,0.1360208988189697,2911,43.521291,-5.623629,71.11900219209316
2970,1485,99.099,True,success,5522,2935,534,10,0.0187265917602996,550.492919921875,1088.582275390625,43.5214482017564,-5.624360820446128,0.1448161602020263,2971,43.521289,-5.623642,60.60125943741964
3060,1530,102.102,True,success,5279,2935,481,14,0.0291060291060291,398.7876892089844,1142.8238525390625,43.52139193761075,-5.624577836519421,0.1337013244628906,3061,43.521283,-5.623756,67.36229553668693
3090,1545,103.103,True,success,5218,2935,461,12,0.0260303687635574,538.5931396484375,1130.271484375,43.52140495803826,-5.624377843218355,0.1332190036773681,3091,43.52128,-5.623793,49.16005626180349
3120,1560,104.104,True,success,4986,2935,440,21,0.0477272727272727,539.2628784179688,1130.5330810546875,43.52140468668704,-5.62437688514936,0.1296479701995849,3121,43.521278,-5.62383,46.290536891770934
3150,1575,105.105,True,success,5449,2935,505,20,0.0396039603960396,538.6314697265625,1132.514892578125,43.52140263097687,-5.624377788386738,0.134537935256958,3151,43.521276,-5.623867,43.525123519129664
3180,1590,106.106,True,success,4992,2935,483,17,0.0351966873706004,539.1834106445312,1130.717529296875,43.52140449536103,-5.624376998828922,0.129889965057373,3181,43.521275,-5.623891,41.747641678157635
3210,1605,107.107,True,success,5305,2935,485,23,0.0474226804123711,539.0166625976562,1130.676025390625,43.52140453841254,-5.624377237363916,0.1326231956481933,3211,43.521274,-5.623906,40.67378983496616
3240,1620,108.108,True,success,5361,2935,511,21,0.0410958904109589,398.7768859863281,1142.90576171875,43.52139185264727,-5.624577851973555,0.1342201232910156,3241,43.521275,-5.623907,55.62915413673355
3270,1635,109.109,True,success,5386,2935,474,25,0.0527426160337552,539.2631225585938,1130.495361328125,43.52140472581329,-5.624376884800114,0.1520860195159912,3271,43.521273,-5.623918,39.79338935385891
3300,1650,110.11,True,success,5187,2935,486,20,0.0411522633744856,539.3646850585938,1129.9564208984375,43.52140528484996,-5.624376739513792,0.1386690139770507,3301,43.52127,-5.623955,37.18340673994533
3330,1665,111.111,True,success,5174,2935,458,14,0.0305676855895196,543.2891235351562,1128.9881591796875,43.521406289216614,-5.62437112555952,0.1319620609283447,3331,43.521266,-5.623994,34.17534490396331
3360,1680,112.112,True,success,4585,2935,411,15,0.0364963503649635,539.417724609375,1130.2481689453125,43.521404982223096,-5.624376663640106,0.1251552104949951,3361,43.521263,-5.624031,32.031635186770025
3390,1695,113.113,True,success,4386,2935,382,13,0.0340314136125654,539.2586059570312,1130.780029296875,43.5214044305305,-5.624376891261164,0.1245472431182861,3391,43.52126,-5.624068,29.63472970060811
3420,1710,114.114,True,success,4891,2935,423,19,0.0449172576832151,538.7763671875,1130.31591796875,43.52140491194782,-5.624377581109286,0.1279439926147461,3421,43.521257,-5.624104,27.515299383875906
3450,1725,115.115,True,success,5467,2935,499,15,0.0300601202404809,539.2593383789062,1130.5281982421875,43.52140469175194,-5.624376890213426,0.1349360942840576,3451,43.521254,-5.624138,25.529934599670927
3510,1755,117.117,True,success,5400,2935,513,18,0.0350877192982456,539.6521606445312,1130.339111328125,43.52140488788961,-5.624376328276668,0.1352970600128173,3511,43.521251,-5.624171,23.809452486668924
3570,1785,119.119,True,success,5581,2935,545,10,0.018348623853211,398.8396911621094,1142.952392578125,43.52139180427762,-5.624577762130031,0.1363892555236816,3571,43.521248,-5.624188,35.260500986468045
3600,1800,120.12,True,success,5495,2935,462,9,0.0194805194805194,320.8377990722656,348.23779296875,43.522216147075326,-5.624689344731706,0.1382131576538086,3601,43.521243,-5.624227,114.45028267705753
3630,1815,121.121,True,success,5432,2935,539,24,0.0445269016697588,320.434326171875,345.1881408691406,43.5222193104015,-5.62468992190432,0.1354238986968994,3631,43.521238,-5.624265,114.36904375331697
3660,1830,122.122,True,success,5489,2935,531,18,0.0338983050847457,322.1971130371094,319.574951171875,43.52224587830206,-5.624687400217482,0.1355957984924316,3661,43.521233,-5.624302,116.83511091270074
3690,1845,123.123,True,success,5524,2935,546,25,0.0457875457875457,320.4967041015625,346.45086669921875,43.52221800060829,-5.624689832671976,0.1393780708312988,3691,43.521228,-5.624338,113.67943515746427
3720,1860,124.124,True,success,5632,2935,556,22,0.039568345323741,320.3321533203125,346.3343505859375,43.52221812146749,-5.624690068063757,0.1364281177520752,3721,43.521223,-5.624374,113.54916344752934
3750,1875,125.125,True,success,5677,2935,620,24,0.0387096774193548,186.4770050048828,59.34993362426758,43.52251580233264,-5.624881549389357,0.1379158496856689,3751,43.52122,-5.624398,149.2682934814792
3780,1890,126.126,True,success,5959,2935,586,28,0.0477815699658703,320.2894592285156,350.734130859375,43.5222135576877,-5.624690129138145,0.1414570808410644,3781,43.521218,-5.624413,112.93354593841666
3810,1905,127.127,True,success,5974,2935,670,23,0.0343283582089552,185.05551147460935,49.60495376586914,43.52252591050042,-5.624883582852192,0.1418490409851074,3811,43.521218,-5.624413,150.3010112746636
3840,1920,128.128,True,success,5872,2935,636,8,0.0125786163522012,297.46112060546875,303.1031799316406,43.52226296403904,-5.624722785338491,0.1379079818725586,3841,43.521218,-5.624424,118.66579823368085
3870,1935,129.129,True,success,5981,2935,700,52,0.0742857142857142,320.4200744628906,346.2894592285156,43.52221816803213,-5.624689942291553,0.1425020694732666,3871,43.521221,-5.624461,112.40608796957328
3900,1950,130.13,True,success,5877,2935,688,41,0.0595930232558139,320.5467529296875,345.9080505371094,43.52221856365763,-5.624689761076553,0.1388967037200927,3901,43.521223,-5.624499,111.76502717709946
3930,1965,131.131,True,success,5920,2935,672,41,0.0610119047619047,320.55078125,346.34222412109375,43.52221811330047,-5.6246897553139945,0.1422438621520996,3931,43.521225,-5.624536,111.12285201467525
3960,1980,132.132,True,success,5934,2935,685,46,0.0671532846715328,320.1887512207031,346.97784423828125,43.52221745398798,-5.624690273202106,0.1403603553771972,3961,43.521228,-5.624563,110.49979688302693
3990,1995,133.133,True,success,5729,2935,697,29,0.0416068866571018,317.4839172363281,346.1312255859375,43.522218332163845,-5.624694142498157,0.1382169723510742,3991,43.521229,-5.62458,110.39300950378471
4020,2010,134.134,True,success,6186,2935,705,37,0.0524822695035461,320.763427734375,347.8118896484375,43.52221658885398,-5.624689451120759,0.1422920227050781,4021,43.52123,-5.624582,110.0452430141412
4050,2025,135.135,True,success,5564,2935,677,15,0.0221565731166912,175.5329132080078,47.28804016113281,43.52252831376336,-5.624897205038252,0.1362717151641845,4051,43.521233,-5.624584,146.22940547466243
4080,2040,136.136,True,success,5295,2935,603,23,0.0381426202321724,320.2876281738281,346.65643310546875,43.522217787379525,-5.6246901317574896,0.1322870254516601,4081,43.521255,-5.624585,107.39213386334785
4110,2055,137.137,True,success,5114,2935,559,11,0.0196779964221824,324.2706298828125,351.63153076171875,43.52221262683766,-5.6246844340278415,0.1316497325897216,4111,43.521285,-5.624585,103.45850439113691
4140,2070,138.138,True,success,5158,2935,577,18,0.0311958405545927,320.42169189453125,346.3652038574219,43.52221808946417,-5.624689939977799,0.1316452026367187,4141,43.521312,-5.624586,101.10049686512114
4170,2085,139.139,True,success,4948,2935,510,11,0.0215686274509803,383.4241943359375,506.0192565917969,43.52205248416912,-5.624599814175156,0.1295430660247802,4171,43.521339,-5.624587,79.34254722415271
4230,2115,141.141,True,success,4992,2935,532,11,0.0206766917293233,183.9517059326172,52.0095100402832,43.522523416328326,-5.624885161858657,0.1322917938232422,4231,43.521373,-5.624587,130.1598393239056
4260,2130,142.142,True,success,4915,2935,476,11,0.0231092436974789,362.3523864746094,334.6514587402344,43.52223023983134,-5.624629957638064,0.129300832748413,4261,43.521376,-5.624586,95.05323567919855
4290,2145,143.143,True,success,5231,2935,546,12,0.0219780219780219,-7.991917133331299,283.857421875,43.52228292715373,-5.625159739413931,0.1330361366271972,4291,43.521379,-5.624587,110.61288756503545
4350,2175,145.145,True,success,5281,2935,527,9,0.01707779886148,24.74192237854004,299.2055969238281,43.52226700689911,-5.625112913280901,0.133617877960205,4351,43.521429,-5.624588,102.34330434474892
4380,2190,146.14600000000002,True,success,5382,2935,550,9,0.0163636363636363,378.8800964355469,523.6988525390625,43.52203414552304,-5.6246063145593155,0.1346549987792968,4381,43.521456,-5.624588,64.3038066458926
4410,2205,147.147,True,success,5538,2935,516,8,0.0155038759689922,218.87173461914065,791.197021484375,43.521756675026225,-5.624835208356927,0.1383941173553466,4411,43.521483,-5.624587,36.42217610307858
4530,2265,151.151,True,success,5274,2935,480,8,0.0166666666666666,960.7764282226562,408.3132629394531,43.52215383229182,-5.623773905179661,0.1330602169036865,4531,43.521567,-5.624585,92.38378934860675
4590,2295,153.153,True,success,5210,2935,462,9,0.0194805194805194,910.9708862304688,988.103759765625,43.52155242679216,-5.62384515257898,0.1355400085449218,4591,43.521573,-5.624587,59.85824844132748
4710,2355,157.157,True,success,5226,2935,497,8,0.0160965794768611,552.0301513671875,1117.72802734375,43.52141796921956,-5.6243586214189065,0.1328330039978027,4711,43.521682,-5.624597,35.09077604479674
4980,2490,166.166,True,success,5536,2935,460,8,0.017391304347826,135.17286682128906,67.17523956298828,43.52250768538234,-5.624954940547724,0.1376571655273437,4981,43.521787,-5.624733,82.11022052913623
5040,2520,168.168,True,success,5228,2935,448,11,0.0245535714285714,22.048612594604492,287.0928039550781,43.52227957117814,-5.625116766091452,0.1339397430419922,5041,43.521789,-5.624741,62.398175492953705
5100,2550,170.17000000000002,True,success,5523,2935,506,10,0.0197628458498023,27.300825119018555,291.8974304199219,43.52227458746679,-5.625109252741169,0.1388270854949951,5101,43.521797,-5.624812,58.263131274344325
5130,2565,171.171,True,success,5820,2935,544,16,0.0294117647058823,30.21707344055176,296.2468566894531,43.52227007592215,-5.625105081014482,0.146615982055664,5131,43.521801,-5.624843,56.2767679626294
5160,2580,172.172,True,success,5824,2935,582,19,0.0326460481099656,26.995180130004883,303.72882080078125,43.522262315078216,-5.625109689969861,0.1418659687042236,5161,43.521804,-5.624865,54.64787413400098
5190,2595,173.173,True,success,5939,2935,570,15,0.0263157894736842,23.53080177307129,294.8773498535156,43.52227149647534,-5.6251146458028245,0.1644849777221679,5191,43.521805,-5.624872,55.43884322718235
5220,2610,174.174,True,success,5885,2935,569,12,0.0210896309314587,145.40379333496094,73.61595153808594,43.522501004628126,-5.624940305089979,0.1406419277191162,5221,43.521805,-5.624874,77.57661079072895
5250,2625,175.175,True,success,6095,2935,609,15,0.0246305418719211,143.36029052734375,67.67229461669922,43.522507169802296,-5.624943228344165,0.1475930213928222,5251,43.521805,-5.624894,78.17854472452393
5280,2640,176.17600000000002,True,success,5961,2935,573,13,0.0226876090750436,163.1701202392578,72.22894287109375,43.52250244333002,-5.624914890155452,0.1424379348754882,5281,43.521808,-5.624935,77.23559646253274
5310,2655,177.177,True,success,6142,2935,603,16,0.0265339966832504,165.0943603515625,70.01610565185547,43.52250473863864,-5.624912137507891,0.1552200317382812,5311,43.52181,-5.624972,77.40204679905588
5340,2670,178.178,True,success,6403,2935,616,19,0.0308441558441558,143.40440368652344,67.51998901367188,43.52250732778425,-5.6249431652397845,0.1576399803161621,5341,43.521813,-5.625009,77.38798819237992
5370,2685,179.179,True,success,6541,2935,660,16,0.0242424242424242,143.3570556640625,66.32003021240234,43.52250857246486,-5.624943232971674,0.1595659255981445,5371,43.521814,-5.625036,77.5942737711467
5400,2700,180.18,True,success,6654,2935,646,13,0.0201238390092879,143.59144592285156,80.31266021728516,43.52249405833559,-5.624942897673719,0.1504561901092529,5401,43.521815,-5.625054,76.03735848525676
5430,2715,181.181,True,success,7612,2935,766,11,0.0143603133159268,198.80615234375,78.03907775878906,43.52249641665371,-5.624863912402617,0.1660223007202148,5431,43.521817,-5.625056,77.11888038174774
5460,2730,182.182,True,success,7156,2935,649,9,0.0138674884437596,204.7678985595703,99.0823974609375,43.52247458905286,-5.6248553840562465,0.1816298961639404,5461,43.521817,-5.625061,74.97641707699414
5490,2745,183.183,True,success,7245,2935,700,12,0.0171428571428571,152.0911865234375,80.28140258789062,43.52249409075818,-5.624930738697259,0.1560690402984619,5491,43.521827,-5.625087,75.23948692613851
5550,2775,185.185,True,success,6958,2935,629,15,0.0238473767885532,151.2804412841797,77.3888931274414,43.52249709107049,-5.624931898477627,0.1520130634307861,5551,43.521854,-5.625152,73.67764762110174
5580,2790,186.186,True,success,6814,2935,680,13,0.0191176470588235,140.06153869628906,66.11808013916016,43.52250878194152,-5.624947947246511,0.161186933517456,5581,43.521863,-5.625171,74.02553399709588
5640,2820,188.188,True,success,7276,2935,712,17,0.023876404494382,23.50941276550293,295.1420593261719,43.52227122189922,-5.625114676400045,0.1561248302459716,5641,43.521867,-5.625181,45.26441722036297
5670,2835,189.189,True,success,6996,2935,680,14,0.0205882352941176,143.3966827392578,67.69173431396484,43.522507149638095,-5.624943176284688,0.1538479328155517,5671,43.521874,-5.625189,73.13981467380508
5730,2865,191.191,True,success,6172,2935,672,8,0.0119047619047619,345.97125244140625,293.5294494628906,43.52227289461671,-5.624653391038265,0.1672859191894531,5731,43.521922,-5.625233,60.87980193021328
5790,2895,193.193,True,success,5379,2935,604,12,0.0198675496688741,97.30628204345705,149.90716552734375,43.52242187002125,-5.625009109131753,0.1473059654235839,5791,43.521967,-5.625274,54.903649095099645
5850,2925,195.195,True,success,4924,2935,597,24,0.0402010050251256,25.275129318237305,294.6996765136719,43.52227168077119,-5.625112150522256,0.1359908580780029,5851,43.522003,-5.625308,33.792427519956135
5880,2940,196.196,True,success,4895,2935,632,16,0.0253164556962025,25.736215591430664,295.63092041015625,43.52227071481656,-5.6251114909330795,0.1332871913909912,5881,43.522012,-5.625316,33.158402328296816
5910,2955,197.197,True,success,5493,2935,663,22,0.033182503770739,97.71456146240234,399.39697265625,43.522163080940935,-5.625008525083359,0.1419301033020019,5911,43.522013,-5.625316,29.88481230564177
5940,2970,198.198,True,success,5425,2935,660,20,0.0303030303030303,24.9349422454834,296.75323486328125,43.522269550669456,-5.625112637163767,0.1371080875396728,5941,43.522013,-5.625328,33.39637825487747
6000,3000,200.2,True,success,4844,2935,624,33,0.0528846153846153,143.18844604492188,67.65869140625,43.52250718391251,-5.624943474169697,0.1305530071258545,6001,43.52201,-5.625403,66.55159401263083
6030,3015,201.201,True,success,4654,2935,588,24,0.0408163265306122,21.49030876159668,294.957275390625,43.5222714135707,-5.625117564751491,0.1273958683013916,6031,43.522009,-5.625431,38.60155282365974
6090,3045,203.203,True,success,4375,2935,561,24,0.0427807486631016,143.3892364501953,67.70406341552734,43.522507136849505,-5.62494318693669,0.1237702369689941,6091,43.52201,-5.625449,68.6950891545446
6120,3060,204.204,True,success,4451,2935,569,29,0.0509666080843585,23.43378448486328,294.8547058105469,43.522271519963425,-5.6251147845871685,0.1287159919738769,6121,43.522009,-5.625458,40.223093368745666
6180,3090,206.206,True,success,3800,2935,525,36,0.0685714285714285,27.062070846557617,308.8727722167969,43.52225697939259,-5.625109594281923,0.119736909866333,6181,43.522022,-5.62553,42.79813870868461
6210,3105,207.207,True,success,3887,2935,527,19,0.0360531309297912,134.53579711914062,128.74395751953125,43.52244382199778,-5.624955851883271,0.1260030269622802,6211,43.522028,-5.625566,67.51334799968755
6240,3120,208.208,True,success,3969,2935,507,29,0.0571992110453648,23.387840270996097,294.87786865234375,43.52227149593722,-5.625114850310894,0.1212730407714843,6241,43.522035,-5.6256,47.13454692305802
6270,3135,209.209,True,success,3834,2935,498,20,0.0401606425702811,143.42018127441406,67.67987060546875,43.52250716194396,-5.624943142669764,0.1207287311553955,6271,43.522039,-5.625623,75.59571873121264
6330,3165,211.211,True,success,4824,2935,608,24,0.0394736842105263,129.2497100830078,127.23482513427734,43.522445387376365,-5.624963413691404,0.129281997680664,6331,43.522042,-5.625634,70.25173704767175
6360,3180,212.212,True,success,4414,2935,538,26,0.0483271375464684,23.95077896118164,294.6908874511719,43.522271689887866,-5.625114045020638,0.12725830078125,6361,43.52205,-5.625631,48.42505249245382
6390,3195,213.213,True,success,4322,2935,547,32,0.0585009140767824,144.18687438964844,68.3762435913086,43.52250643961752,-5.624942045906465,0.1259293556213379,6391,43.522077,-5.625617,72.40011389156724
6420,3210,214.214,True,success,4086,2935,536,31,0.0578358208955223,143.3820343017578,67.7751693725586,43.522507063093464,-5.624943197239446,0.1253788471221923,6421,43.522103,-5.625604,69.69481958545101
6450,3225,215.215,True,success,3866,2935,547,39,0.0712979890310786,143.73367309570312,67.77250671386719,43.52250706585536,-5.6249426942161165,0.1211550235748291,6451,43.522128,-5.62559,67.08610554479854
6480,3240,216.216,True,success,3935,2935,547,44,0.0804387568555758,144.20547485351562,67.54652404785156,43.52250730026027,-5.624942019298288,0.11962890625,6481,43.522154,-5.625577,64.5328576320725
6510,3255,217.217,True,success,3728,2935,569,51,0.0896309314586994,143.4005126953125,67.6905288696289,43.52250715088846,-5.624943170805892,0.1223580837249755,6511,43.522179,-5.625563,61.87884612235666
6540,3270,218.218,True,success,3637,2935,585,56,0.0957264957264957,143.39376831054688,67.67768096923828,43.5225071642152,-5.624943180453812,0.1201679706573486,6541,43.522202,-5.625552,59.674583688981684
6570,3285,219.219,True,success,3429,2935,536,39,0.0727611940298507,129.8462677001953,126.13933563232422,43.522446523695315,-5.624962560308887,0.1180000305175781,6571,43.522218,-5.625543,53.25335230284477
6600,3300,220.22,True,success,3454,2935,573,41,0.0715532286212914,143.17733764648438,67.46737670898438,43.52250738235739,-5.62494349006036,0.1159489154815673,6601,43.522226,-5.625539,57.30950578270678
6630,3315,221.221,True,success,3378,2935,577,48,0.0831889081455806,23.852127075195312,295.34185791015625,43.52227101465344,-5.625114186143293,0.1146380901336669,6631,43.522227,-5.625538,34.52006554857334
6660,3330,222.222,True,success,3784,2935,604,67,0.1109271523178807,143.59930419921875,67.29671478271484,43.52250755937981,-5.624942886432365,0.1192271709442138,6661,43.522227,-5.625527,56.49130167600879
6690,3345,223.223,True,success,3724,2935,597,63,0.1055276381909547,143.397705078125,67.69219207763672,43.52250714916327,-5.624943174822221,0.1196458339691162,6691,43.52223,-5.625488,53.660132973638866
6720,3360,224.224,True,success,3789,2935,664,85,0.1280120481927711,143.39674377441406,67.69184112548828,43.5225071495273,-5.624943176197377,0.1356720924377441,6721,43.522233,-5.62545,50.98196684308934
6750,3375,225.225,True,success,3781,2935,613,90,0.1468189233278956,142.87831115722656,68.72611236572266,43.52250607670932,-5.624943917821213,0.1236889362335205,6751,43.522236,-5.625413,48.294022598554506
6780,3390,226.226,True,success,3846,2935,651,92,0.141321044546851,143.55059814453125,67.42829895019531,43.52250742289155,-5.624942956106935,0.1215348243713378,6781,43.522239,-5.625376,45.934196252441446
6810,3405,227.227,True,success,3848,2935,656,101,0.1539634146341463,143.43246459960938,67.48372650146484,43.52250736539824,-5.624943125098326,0.1228678226470947,6811,43.522242,-5.625339,43.46813089557538
6840,3420,228.228,True,success,3823,2935,642,96,0.1495327102803738,143.3963165283203,67.69136810302734,43.52250715001796,-5.624943176808557,0.125096321105957,6841,43.522245,-5.625302,41.06973620364792
